Avg Threads Running,2,2,2.3,2.7,3.3,4.2,4.5,4.7,5.1,6,8.1,9.600000000000001,10.11111111111111,10.625,13.25,13.571428571428573,15,17.2,20,23,23,29,29,29,32,46,53.666666666666664,64.5,79.2,95.33333333333334,112.42857142857144,129.375,146.33333333333334,146.10000000000002,158.7777777777778,166,175.44444444444446,185.33333333333334,194,202.66666666666666,210.44444444444446,216.33333333333334,204.88888888888889,212.50000000000003,212.50000000000003,225,236.83333333333334,247,254.75,255,240,179,40,40,40,40,40,34,34,34,34,34,28,28,28,28,28
Peak Threads Connected,2,2,5,6,8,11,11,11,11,11,23,23,23,23,29,29,29,29,29,29,29,29,29,29,32,60,69,97,138,176,215,248,282,282,282,282,282,282,282,282,285,301,301,301,301,301,301,301,301,301,301,179,40,40,40,40,40,40,40,40,40,40,28,28,28,28,28
Peak Threads Running,1,1,1,1,1,4,4,4,4,4,4,4,4,4,12,12,12,12,12,12,12,12,12,12,19,56,63,93,131,171,208,244,277,277,277,277,277,277,277,277,280,298,298,298,298,298,298,298,298,298,298,158,18,18,18,18,18,18,18,18,18,18,8,8,8,8,8
Questions,38.44444444444444,37.333333333333336,40.111111111111114,196.77777777777777,335.33333333333337,440.6666666666667,560.3333333333334,668.5555555555555,839.6666666666667,958.8888888888889,1093.111111111111,1216.111111111111,1023.970275,893.1895142857142,1166.796051901963,1033.8463421479355,939.1632250249395,783.1396501578861,681.4810378047971,573.7342108538711,510.80908186940667,191.01578669482575,320.4590138674884,337.8824737020699,370.27855333164433,408.6662684455225,455.8284863516619,493.8587375845689,526.9034887378886,765.8432994299767,653.655375,799.9112688553682,803.6666666666667,799.8888888888889,795.1111111111111,794,800.8888888888889,796.7777777777778,775.4444444444445,541.1428571428572,516.6775282277861,473.5833666666666,436.71696000000003,401.6518,360.0268,327.75,351.64959999999996,1152.0866773675762,1152.0866773675762,1152.0866773675762,1152.0866773675762,1152.0866773675762
Threads Created,0,0,0,0,0,0,0.11111111111111112,0.11111111111111112,0.11111111111111112,0.11111111111111112,1.3333333333333335,1.3333333333333335,1.2933,1.3066285714285713,2.439835865587224,2.30695709118124,2.346511329628046,2.4050793584842944,2.501066374327287,1.280370923574807,1.540437520715943,5.339704329461457,5.613135593220338,8.641120913923764,13.474474284266535,17.629241964827166,21.788183117538257,25.1540952929322,28.62075940606518,29.171789426623455,25.758225,25.28837622005324,25.11111111111111,24.11111111111111,23.22222222222222,23.11111111111111,22.88888888888889,20.88888888888889,19.11111111111111,19.657142857142862,18.768433971526758,16.334266666666664,13.043040000000001,9.937299999999999,5.7951999999999995,2.2287,0.16219999999999998,2.0064205457463884,2.0064205457463884,2.0064205457463884,2.0064205457463884,2.0064205457463884
Created Tmp Disk Tables,9.222222222222223,8.777777777777779,8.88888888888889,9.11111111111111,9,9,8.88888888888889,9,8.88888888888889,8.88888888888889,9.222222222222223,9.11111111111111,7.7598,6.750914285714285,8.872130420317179,7.90956716976425,6.9277953541399455,6.299017367458868,5.359427944987044,4.481298232511825,4.159181305933046,1.6989968321013726,2.8916153055983562,3.9544112656939254,4.581321256650622,5.6209177279159075,6.524145227285466,7.30666577556602,8.210873600100665,8.941544651838607,7.8675749999999995,8.984028393966282,9,9.11111111111111,8.88888888888889,9,9.11111111111111,9.11111111111111,8.88888888888889,7.085714285714286,6.765365733922435,5.739066666666666,4.947360000000001,4.1598,3.139066666666667,2.2287,1.2975999999999999,9.229534510433385,9.229534510433385,9.229534510433385,9.229534510433385,9.229534510433385
Created Tmp Files,0,0,0,0,0,0,0,0,0,0,0,0,0,0,0,0,0,0,0,0,0,0.24271383315733894,0.17009501797637389,0.14645967650718245,0.13474474284266533,0.127748130179907,0.12309707976010313,0.11978140615682001,0.11729819428715238,0.22353861629596516,0.107775,0.1109139307897072,0.11111111111111112,0.11111111111111112,0.11111111111111112,0.11111111111111112,0.11111111111111112,0.11111111111111112,0,0,0,0,0,0,0,0,0,0,0,0,0,0
Select Full Join,0,0,0,0,0,0,0,0,0,0,0,0,0,0,0,0,0,0,0,0,0,0,0,0,0,0,0,0,0,0,0,0,0,0,0,0,0,0,0,0,0,0,0,0,0,0,0,0,0,0,0,0
Select Full Range Join,0,0,0,0,0,0,0,0,0,0,0,0,0,0,0,0,0,0,0,0,0,0,0,0,0,0,0,0,0,0,0,0,0,0,0,0,0,0,0,0,0,0,0,0,0,0,0,0,0,0,0,0
Select Range,0,0,0,2.7777777777777777,4.111111111111112,4.777777777777778,6,6.111111111111112,8.333333333333334,9.11111111111111,11.222222222222223,15.555555555555557,12.394124999999999,11.21522857142857,15.969834756570922,14.61072824414785,14.749499786233434,12.827089911916238,12.505331871636436,11.011189942743341,7.240056347364932,1.6989968321013726,5.7832306111967124,5.711927383780115,5.6592791993919445,6.259658378815443,6.647242307045569,7.186884369409201,7.507084434377752,12.182854588130102,10.99305,15.749778172138424,15.444444444444446,15.444444444444446,15,14.88888888888889,14.666666666666668,14.333333333333334,13.666666666666668,6.400000000000001,6.1106529209622,5.9597999999999995,5.73444,5.5464,5.312266666666667,5.244,6.325799999999999,14.847512038523274,14.847512038523274,14.847512038523274,14.847512038523274,14.847512038523274
Select Range Check,0,0,0,0,0,0,0,0,0,0,0,0,0,0,0,0,0,0,0,0,0,0,0,0,0,0,0,0,0,0,0,0,0,0,0,0,0,0,0,0,0,0,0,0,0,0,0,0,0,0,0,0
Select Scan,29.22222222222222,28.333333333333336,28.77777777777778,29.555555555555554,29,28.22222222222222,27.77777777777778,27.888888888888893,28.888888888888893,28.77777777777778,30.22222222222222,29.555555555555554,25.4349,21.777142857142856,28.279915714761007,25.815948401313875,23.129897392047884,20.50043834136613,17.626563019068502,14.084080159322877,13.093718926085515,6.553273495248152,10.205701078582432,12.302612826603324,15.360900684063846,18.778975136446327,21.418891878257945,23.71671841905036,26.743988297470743,29.283558734771436,25.327125000000002,28.615794143744456,30.111111111111114,29.555555555555554,28.111111111111114,29.22222222222222,30,29.666666666666668,28.555555555555554,22.971428571428575,21.932879234167896,18.100133333333332,15.629160000000002,13.75045,9.900133333333333,6.686099999999999,3.8928,30.89887640449438,30.89887640449438,30.89887640449438,30.89887640449438,30.89887640449438
Sort Rows,102.22222222222223,81.77777777777779,92,102.22222222222223,92,92,92,92,92,81.77777777777779,102.22222222222223,92,69.4071,60.10491428571428,91.8265498502828,80.85335329092345,71.95968077526008,73.75576699351838,65.74231612517441,47.1176499875529,56.68810076234671,0,31.297483307652794,40.42287071598235,37.18954902457563,58.76413988275722,56.62465668964744,66.23911760472146,75.77463350950043,82.59751872135914,79.645725,92.5022182786158,92.77777777777779,103.11111111111111,82.66666666666667,93,93,93,93,63.77142857142858,60.88829160530192,51.320499999999996,41.82768,42.9846,33.6846,24.3846,15.0846,111.95826645264847,111.95826645264847,111.95826645264847,111.95826645264847,111.95826645264847
Sort Range,0,0,0,0,0,0,0,0,0,0,0,0,0,0,0,0,0,0,0,0,0,0,0,0,0,0,0,0,0,0,0,0,0,0,0,0,0,0,0,0,0,0,0,0,0,0,0,0,0,0,0,0
Sort Merge Passes,0,0,0,0,0,0,0,0,0,0,0,0,0,0,0,0,0,0,0,0,0,0,0,0,0,0,0,0,0,0,0,0,0,0,0,0,0,0,0,0,0,0,0,0,0,0,0,0,0,0,0,0
opened_tables,0,0,0,0,0,0,0,0,0,0,0.22222222222222224,0.22222222222222224,0.21555,0.21777142857142856,0.44360652101585896,0.43942039832023616,0.44695453897677073,0.4581103539970085,0.4763935951099595,0.2560741847149614,0.30808750414318864,1.4562829989440336,3.0617103235747303,3.3685725596651963,3.907597542437295,4.343436426116838,4.923883190404125,5.62972608937054,6.685997074367686,6.4826198725829896,5.6043,4.76929902395741,4.555555555555555,4,4.444444444444445,4.222222222222222,4.333333333333334,4,4.777777777777778,4.571428571428572,4.364752086401571,4.083566666666666,4.04784,3.11985,2.776866666666667,1.9665,1.2975999999999999,0,0,0,0,0
table_open_cache_hits,279.44444444444446,277.55555555555554,283.8888888888889,589.6666666666667,858.3333333333334,1062.6666666666667,1294,1499.6666666666667,1834.1111111111113,2065.3333333333335,2326.5555555555557,2565,2162.074275,1887.9694,2469.7793057557947,2187.9840183360357,1987.942050733932,1662.9405850091412,1447.5219387416118,1220.1934901667912,1087.856977129599,420.62307286166845,696.3690035952748,752.0704388643818,835.6868951102103,933.4555872245804,1047.4330516787174,1143.6728659853175,1229.1677779350698,1690.3990164300885,1443.215025,1747.0053238686783,1753.4444444444446,1747.2222222222222,1735.1111111111113,1732.5555555555554,1744.3333333333335,1735.5555555555554,1701,1210.057142857143,1155.3498772704959,1050.3595666666665,956.4146400000002,867.7805000000001,764.3627333333334,679.8846,702.9748,2436.3964686998397,2436.3964686998397,2436.3964686998397,2436.3964686998397,2436.3964686998397
table_open_cache_misses,0,0,0,0,0,0,0,0,0,0,0.22222222222222224,0.22222222222222224,0.21555,0.21777142857142856,0.44360652101585896,0.43942039832023616,0.44695453897677073,0.4581103539970085,0.4763935951099595,0.2560741847149614,0.30808750414318864,1.4562829989440336,3.0617103235747303,3.3685725596651963,3.907597542437295,4.343436426116838,4.923883190404125,5.62972608937054,6.685997074367686,6.4826198725829896,5.6043,4.76929902395741,4.555555555555555,4,4.444444444444445,4.222222222222222,4.333333333333334,4,4.777777777777778,4.571428571428572,4.364752086401571,4.083566666666666,4.04784,3.11985,2.776866666666667,1.9665,1.2975999999999999,0,0,0,0,0
table_open_cache_overflows,0,0,0,0,0,0,0,0,0,0,0,0,0,0,0,0,0,0,0,0,0,0,0,0,0,0,0,0,0,0,0,0,0,0,0,0,0,0,0,0,0,0,0,0,0,0,0,0,0,0,0,0
Sort Scan,1.1111111111111112,0.888888888888889,1,1.1111111111111112,1,1,1,1,1,0.888888888888889,1.1111111111111112,1,0.754425,0.6533142857142856,0.9981146722856826,0.8788407966404723,0.7821704432093488,0.8016931194947648,0.7145903926649393,0.5121483694299228,0.6161750082863773,0,0.34019003595274777,0.4393790295215473,0.404234228527996,0.638740650899535,0.6154853988005157,0.71868843694092,0.8210873600100668,0.8941544651838607,0.8622,0.9982253771073648,1,1.1111111111111112,0.888888888888889,1,1,1,1,0.6857142857142857,0.6547128129602358,0.5518333333333333,0.44976000000000005,0.4622,0.36219999999999997,0.2622,0.16219999999999998,1.203852327447833,1.203852327447833,1.203852327447833,1.203852327447833,1.203852327447833
Slow Queries,4.333333333333334,4.222222222222222,4.555555555555555,6.888888888888888,7.777777777777779,8.777777777777779,10.555555555555555,10.555555555555555,11.88888888888889,13.666666666666668,15.555555555555557,17.444444444444446,14.334074999999999,12.848514285714284,17.855162470888324,15.59942414036838,15.196454325210203,13.972365796908761,12.028938276526477,10.242967388598457,8.93453762015247,1.9417106652587115,8.164560862865947,8.055282207895035,8.219429313402586,9.581109763493025,10.709445939128972,11.01988936642744,11.84711762300239,20.118475466636866,18.5373,18.633540372670808,18.666666666666668,18.444444444444446,17.444444444444446,17.666666666666668,18.22222222222222,17.88888888888889,17.77777777777778,14.171428571428573,13.53073146784487,12.912899999999999,12.705720000000001,12.4794,11.348933333333333,11.0124,12.651599999999998,19.462279293739968,19.462279293739968,19.462279293739968,19.462279293739968,19.462279293739968
Aborted Connects (attempts),0,0,0,0,0,0,0,0,0,0,0,0,0,0,0,0,0,0,0,0,0,0,0,0,0,0,0,0,0,0,0,0,0,0,0,0,0,1,2.666666666666667,2.742857142857143,2.618851251840943,2.6488,2.69856,2.7732,2.8975999999999997,3.1464,2.433,0,0,0,0,0
Aborted Clients (timeout),0,0,0,0,0,0,0,0,0,0,0,0,0,0,0,0,0,0,0,0,0,0,0,0,0,0,0,0,0,0,0,0,0,0,0,0,0,1,2.666666666666667,2.742857142857143,2.618851251840943,2.6488,2.69856,2.7732,2.8975999999999997,3.1464,2.433,0,0,0,0,0
Table Locks Immediate,58.44444444444444,56.66666666666667,60.88888888888889,222.44444444444443,363.8888888888889,472.2222222222223,595.4444444444445,706.4444444444445,880.2222222222223,1003.8888888888889,1142.4444444444446,1268.2222222222222,1067.942475,931.4083999999999,1221.1378507264058,1082.2924410627415,983.0765084794072,823.9114716636199,716.6150654441565,604.0790017425941,539.6152635067949,205.0931890179514,343.76203133025166,365.41689288542017,403.6952495566253,449.29017384273294,502.6053766605011,545.3647422320015,585.3179894928904,819.3807980328604,699.02865,849.4897959183675,855,850.6666666666667,843.6666666666667,843.8888888888889,852.3333333333334,846.1111111111111,821.2222222222223,576.2285714285715,550.1770004909181,500.1817333333332,457.6308,417.3666,367.5122666666667,327.4878,343.37739999999997,1205.2568218298554,1205.2568218298554,1205.2568218298554,1205.2568218298554,1205.2568218298554
Table Locks Waited,0,0,0,3.1111111111111116,5.666666666666667,7.333333333333334,10.444444444444445,12.11111111111111,16.333333333333336,18.555555555555557,22,25.11111111111111,21.33945,19.055,23.17844072307863,19.883773023990685,18.548613367535985,14.659531327904272,12.862627067968905,9.858856111526014,7.5481438515081205,3.883421330517423,6.633705701078581,6.297766089808844,5.928768685077275,6.898399029714978,7.5089218653662915,7.90557280635012,7.741680822952057,23.69509332737231,21.1239,25.177462289263534,25.444444444444446,25.555555555555557,24.77777777777778,24.444444444444446,24.666666666666668,25.333333333333336,28.77777777777778,23.42857142857143,22.369354442808053,21.962966666666667,22.15068,22.4167,22.939333333333334,23.9913,28.7094,25.682182985553773,25.682182985553773,25.682182985553773,25.682182985553773,25.682182985553773
bytes_received_rate,12599,12020.777777777777,12612.555555555557,32750.888888888887,49443.555555555555,62569.222222222226,77660.22222222222,91341.44444444445,112480.11111111112,127321,144284.6666666667,158242.33333333334,132770.178,115846.01579999998,150633.13740711988,133136.58097896137,120443.8565612085,100651.65493185974,87024.84269151551,72847.47191934279,65932.112280411,24567.494192185848,40347.2186440678,41642.293982581155,44946.53438054219,49352.93513240347,53912.828022532376,57898.9778568344,62011.33258462313,92731.19481390412,78508.26765,95915.70541259983,97147.66666666667,96718.44444444445,95662.77777777778,96226,96938.11111111111,96245.44444444445,94352.33333333334,65926.5142857143,62945.944857633775,57410.7534,53386.84932,49864.6781,45254.83753333333,42348.1842,46058.96079999999,149601.32423756018,149601.32423756018,149601.32423756018,149601.32423756018,149601.32423756018
bytes_sent_rate,172814.22222222222,163092.77777777778,172727.55555555556,211273.1111111111,239348.8888888889,256800.7777777778,278287.55555555556,320789.7777777778,352613.8888888889,378216.1111111111,419334.7777777778,435687.4444444445,368404.6959,315217.3919428571,420658.0902739271,379041.1793584466,328436.49778537836,290615.24467550276,253276.5604145904,205345.50461165048,196155.4627941664,76412.13980992607,143297.73855932202,170792.63362176222,210417.25567836332,258678.4662825955,298806.7130892327,320070.1712383557,375406.1848189568,435976.7519839053,386466.06149999995,452404.6140195209,475116.7777777778,465769.1111111111,449729.4444444445,480034.3333333334,489794.7777777778,476888.7777777778,472526.7777777778,369381.48571428575,352681.57103583706,299229.7487666666,269845.20576,240453.77250000002,169715.93326666666,140690.3583,107211.4426,443947.43178170145,443947.43178170145,443947.43178170145,443947.43178170145,443947.43178170145
qcache_hits,0,0,0,0,0,0,0,0,0,0,0,0,0,0,0,0,0,0,0,0,0,0,0,0,0,0,0,0,0,0,0,0,0,0,0,0,0,0,0,0,0,0,0,0,0,0,0,0,0,0,0,0
qcache_inserts,0,0,0,0,0,0,0,0,0,0,0,0,0,0,0,0,0,0,0,0,0,0,0,0,0,0,0,0,0,0,0,0,0,0,0,0,0,0,0,0,0,0,0,0,0,0,0,0,0,0,0,0
qcache_not_cached,27.22222222222222,26.333333333333336,28.77777777777778,97,158.88888888888889,206.66666666666669,256.22222222222223,301.77777777777777,381.8888888888889,435.2222222222223,498.6666666666667,552,466.77352499999995,406.5792571428571,534.434956193856,477.7598280736767,437.56849365825855,363.854148662124,317.516331140788,265.2928553647,238.459728206828,95.62925026399155,160.2295069337442,182.7816762809637,213.3009279199392,245.27640994542145,284.96973964463876,316.8218192847889,342.27613092991066,412.42874706605573,355.2264,416.7036379769299,416.6666666666667,412.88888888888886,409,406.11111111111114,409.6666666666667,407.2222222222223,398.33333333333337,294.40000000000003,281.0900343642612,251.3049,222.18144,193.4307,157.557,123.62729999999999,112.2424,525.8828250401284,525.8828250401284,525.8828250401284,525.8828250401284,525.8828250401284
qcache_lowmem_prunes,0,0,0,0,0,0,0,0,0,0,0,0,0,0,0,0,0,0,0,0,0,0,0,0,0,0,0,0,0,0,0,0,0,0,0,0,0,0,0,0,0,0,0,0,0,0,0,0,0,0,0,0
com admin_commands,1,1,1,1,1,1,1,1,1,1,1,1,0.8622,0.7621999999999999,0.9981146722856826,0.8788407966404723,0.7821704432093488,0.6871655309955128,0.5954919938874493,0.5121483694299228,0.4621312562147829,0.24271383315733894,0.34019003595274777,0.4393790295215473,0.5389789713706613,0.638740650899535,0.7385824785606188,0.83846984309774,0.938385554297219,1.0059237733318434,0.8622,0.9982253771073648,1,1,1,1,1,1,1,0.8000000000000002,0.763831615120275,0.6622,0.5622,0.4622,0.36219999999999997,0.2622,0.16219999999999998,1.0032102728731942,1.0032102728731942,1.0032102728731942,1.0032102728731942,1.0032102728731942
com alter_db,0,0,0,0,0,0,0,0,0,0,0,0,0,0,0,0,0,0,0,0,0,0,0,0,0,0,0,0,0,0,0,0,0,0,0,0,0,0,0,0,0,0,0,0,0,0,0,0,0,0,0,0
com alter_db_upgrade,0,0,0,0,0,0,0,0,0,0,0,0,0,0,0,0,0,0,0,0,0,0,0,0,0,0,0,0,0,0,0,0,0,0,0,0,0,0,0,0,0,0,0,0,0,0,0,0,0,0,0,0
com alter_event,0,0,0,0,0,0,0,0,0,0,0,0,0,0,0,0,0,0,0,0,0,0,0,0,0,0,0,0,0,0,0,0,0,0,0,0,0,0,0,0,0,0,0,0,0,0,0,0,0,0,0,0
com alter_function,0,0,0,0,0,0,0,0,0,0,0,0,0,0,0,0,0,0,0,0,0,0,0,0,0,0,0,0,0,0,0,0,0,0,0,0,0,0,0,0,0,0,0,0,0,0,0,0,0,0,0,0
com alter_instance,0,0,0,0,0,0,0,0,0,0,0,0,0,0,0,0,0,0,0,0,0,0,0,0,0,0,0,0,0,0,0,0,0,0,0,0,0,0,0,0,0,0,0,0,0,0,0,0,0,0,0,0
com alter_procedure,0,0,0,0,0,0,0,0,0,0,0,0,0,0,0,0,0,0,0,0,0,0,0,0,0,0,0,0,0,0,0,0,0,0,0,0,0,0,0,0,0,0,0,0,0,0,0,0,0,0,0,0
com alter_server,0,0,0,0,0,0,0,0,0,0,0,0,0,0,0,0,0,0,0,0,0,0,0,0,0,0,0,0,0,0,0,0,0,0,0,0,0,0,0,0,0,0,0,0,0,0,0,0,0,0,0,0
com alter_table,0,0,0,0,0,0,0,0,0,0,0,0,0,0,0,0,0,0,0,0,0,0,0,0,0,0,0,0,0,0,0,0,0,0,0,0,0,0,0,0,0,0,0,0,0,0,0,0,0,0,0,0
com alter_tablespace,0,0,0,0,0,0,0,0,0,0,0,0,0,0,0,0,0,0,0,0,0,0,0,0,0,0,0,0,0,0,0,0,0,0,0,0,0,0,0,0,0,0,0,0,0,0,0,0,0,0,0,0
com alter_user,0,0,0,0,0,0,0,0,0,0,0,0,0,0,0,0,0,0,0,0,0,0,0,0,0,0,0,0,0,0,0,0,0,0,0,0,0,0,0,0,0,0,0,0,0,0,0,0,0,0,0,0
com analyze,0,0,0,0,0,0,0,0,0,0,0,0,0,0,0,0,0,0,0,0,0,0,0,0,0,0,0,0,0,0,0,0,0,0,0,0,0,0,0,0,0,0,0,0,0,0,0,0,0,0,0,0
com assign_to_keycache,0,0,0,0,0,0,0,0,0,0,0,0,0,0,0,0,0,0,0,0,0,0,0,0,0,0,0,0,0,0,0,0,0,0,0,0,0,0,0,0,0,0,0,0,0,0,0,0,0,0,0,0
com begin,0,0,0,0,0,0,0,0,0,0,0,0,0,0,0,0,0,0,0,0,0,0,0,0,0,0,0,0,0,0,0,0,0,0,0,0,0,0,0,0,0,0,0,0,0,0,0,0,0,0,0,0
com binlog,0,0,0,0,0,0,0,0,0,0,0,0,0,0,0,0,0,0,0,0,0,0,0,0,0,0,0,0,0,0,0,0,0,0,0,0,0,0,0,0,0,0,0,0,0,0,0,0,0,0,0,0
com call_procedure,0,0,0,0,0,0,0,0,0,0,0,0,0,0,0,0,0,0,0,0,0,0,0,0,0,0,0,0,0,0,0,0,0,0,0,0,0,0,0,0,0,0,0,0,0,0,0,0,0,0,0,0
com change_db,0,0,0,0,0,0,0,0,0,0,0,0,0,0,0,0,0,0,0,0,0,0,0,0,0,0,0,0,0,0,0,0,0,0,0,0,0,0,0,0,0,0,0,0,0,0,0,0,0,0,0,0
com change_master,0,0,0,0,0,0,0,0,0,0,0,0,0,0,0,0,0,0,0,0,0,0,0,0,0,0,0,0,0,0,0,0,0,0,0,0,0,0,0,0,0,0,0,0,0,0,0,0,0,0,0,0
com change_repl_filter,0,0,0,0,0,0,0,0,0,0,0,0,0,0,0,0,0,0,0,0,0,0,0,0,0,0,0,0,0,0,0,0,0,0,0,0,0,0,0,0,0,0,0,0,0,0,0,0,0,0,0,0
com check,0,0,0,0,0,0,0,0,0,0,0,0,0,0,0,0,0,0,0,0,0,0,0,0,0,0,0,0,0,0,0,0,0,0,0,0,0,0,0,0,0,0,0,0,0,0,0,0,0,0,0,0
com checksum,0,0,0,0,0,0,0,0,0,0,0,0,0,0,0,0,0,0,0,0,0,0,0,0,0,0,0,0,0,0,0,0,0,0,0,0,0,0,0,0,0,0,0,0,0,0,0,0,0,0,0,0
com commit,0,0,0,5,9.666666666666668,13.333333333333334,18.666666666666668,23.444444444444446,27.666666666666668,32.22222222222222,36,40.333333333333336,34.27245,30.05245714285714,38.92647221914162,33.28609517275789,29.052045033490096,25.42512464683397,21.556810178725666,18.821452576549664,16.636725223732185,5.096990496304118,9.185130970724192,8.787580590430945,8.488918799087916,8.942369112593491,9.355378061767839,9.34294968023196,9.8530483201208,16.76539622219739,13.902975000000001,21.628216503992903,21.666666666666668,21.333333333333336,20.88888888888889,20.555555555555557,20.77777777777778,20.333333333333336,19.444444444444446,8.685714285714287,8.293028964162986,7.725666666666666,7.8708,7.7418499999999995,7.726933333333333,7.866,9.407599999999999,39.72712680577849,39.72712680577849,39.72712680577849,39.72712680577849,39.72712680577849
com create_compression_dictionary,0,0,0,0,0,0,0,0,0,0,0,0,0,0,0,0,0,0,0,0,0,0,0,0,0,0,0,0,0,0,0,0,0,0,0,0,0,0,0,0,0,0,0,0,0,0,0,0,0,0,0,0
com create_db,0,0,0,0,0,0,0,0,0,0,0,0,0,0,0,0,0,0,0,0,0,0,0,0,0,0,0,0,0,0,0,0,0,0,0,0,0,0,0,0,0,0,0,0,0,0,0,0,0,0,0,0
com create_event,0,0,0,0,0,0,0,0,0,0,0,0,0,0,0,0,0,0,0,0,0,0,0,0,0,0,0,0,0,0,0,0,0,0,0,0,0,0,0,0,0,0,0,0,0,0,0,0,0,0,0,0
com create_function,0,0,0,0,0,0,0,0,0,0,0,0,0,0,0,0,0,0,0,0,0,0,0,0,0,0,0,0,0,0,0,0,0,0,0,0,0,0,0,0,0,0,0,0,0,0,0,0,0,0,0,0
com create_index,0,0,0,0,0,0,0,0,0,0,0,0,0,0,0,0,0,0,0,0,0,0,0,0,0,0,0,0,0,0,0,0,0,0,0,0,0,0,0,0,0,0,0,0,0,0,0,0,0,0,0,0
com create_procedure,0,0,0,0,0,0,0,0,0,0,0,0,0,0,0,0,0,0,0,0,0,0,0,0,0,0,0,0,0,0,0,0,0,0,0,0,0,0,0,0,0,0,0,0,0,0,0,0,0,0,0,0
com create_server,0,0,0,0,0,0,0,0,0,0,0,0,0,0,0,0,0,0,0,0,0,0,0,0,0,0,0,0,0,0,0,0,0,0,0,0,0,0,0,0,0,0,0,0,0,0,0,0,0,0,0,0
com create_table,0,0,0,0,0,0,0,0,0,0,0,0,0,0,0,0,0,0,0,0,0,0,0,0,0,0,0,0,0,0,0,0,0,0,0,0,0,0,0,0,0,0,0,0,0,0,0,0,0,0,0,0
com create_trigger,0,0,0,0,0,0,0,0,0,0,0,0,0,0,0,0,0,0,0,0,0,0,0,0,0,0,0,0,0,0,0,0,0,0,0,0,0,0,0,0,0,0,0,0,0,0,0,0,0,0,0,0
com create_udf,0,0,0,0,0,0,0,0,0,0,0,0,0,0,0,0,0,0,0,0,0,0,0,0,0,0,0,0,0,0,0,0,0,0,0,0,0,0,0,0,0,0,0,0,0,0,0,0,0,0,0,0
com create_user,0,0,0,0,0,0,0,0,0,0,0,0,0,0,0,0,0,0,0,0,0,0,0,0,0,0,0,0,0,0,0,0,0,0,0,0,0,0,0,0,0,0,0,0,0,0,0,0,0,0,0,0
com create_view,0,0,0,0,0,0,0,0,0,0,0,0,0,0,0,0,0,0,0,0,0,0,0,0,0,0,0,0,0,0,0,0,0,0,0,0,0,0,0,0,0,0,0,0,0,0,0,0,0,0,0,0
com dealloc_sql,0,0,0,0,0,0,0,0,0,0,0,0,0,0,0,0,0,0,0,0,0,0,0,0,0,0,0,0,0,0,0,0,0,0,0,0,0,0,0,0,0,0,0,0,0,0,0,0,0,0,0,0
com delete,0,0,0,2.555555555555556,4,4.444444444444445,5.555555555555555,5.555555555555555,7.777777777777779,8.222222222222223,10.11111111111111,14.444444444444446,11.531925,10.235257142857142,14.417211933015414,13.182611949607084,13.408636169303122,11.452758849925214,11.433446282639029,10.114930296240976,6.161750082863772,1.6989968321013726,5.272945557267591,4.83316932473702,4.716065999493287,4.598932686476653,4.554591951123816,4.91103765242962,4.809225965773248,9.612160500726501,8.514225,12.64418811002662,12.666666666666668,12.777777777777779,12.777777777777779,12.777777777777779,12.444444444444446,12.444444444444446,11.555555555555555,5.142857142857144,4.910346097201768,4.7457666666666665,4.4976,4.506449999999999,4.587866666666667,4.8507,6.001399999999999,13.041733547351523,13.041733547351523,13.041733547351523,13.041733547351523,13.041733547351523
com delete_multi,0,0,0,0,0,0,0,0,0,0,0,0,0,0,0,0,0,0,0,0,0,0,0,0,0,0,0,0,0,0,0,0,0,0,0,0,0,0,0,0,0,0,0,0,0,0,0,0,0,0,0,0
com do,0,0,0,0,0,0,0,0,0,0,0,0,0,0,0,0,0,0,0,0,0,0,0,0,0,0,0,0,0,0,0,0,0,0,0,0,0,0,0,0,0,0,0,0,0,0,0,0,0,0,0,0
com drop_compression_dictionary,0,0,0,0,0,0,0,0,0,0,0,0,0,0,0,0,0,0,0,0,0,0,0,0,0,0,0,0,0,0,0,0,0,0,0,0,0,0,0,0,0,0,0,0,0,0,0,0,0,0,0,0
com drop_db,0,0,0,0,0,0,0,0,0,0,0,0,0,0,0,0,0,0,0,0,0,0,0,0,0,0,0,0,0,0,0,0,0,0,0,0,0,0,0,0,0,0,0,0,0,0,0,0,0,0,0,0
com drop_event,0,0,0,0,0,0,0,0,0,0,0,0,0,0,0,0,0,0,0,0,0,0,0,0,0,0,0,0,0,0,0,0,0,0,0,0,0,0,0,0,0,0,0,0,0,0,0,0,0,0,0,0
com drop_function,0,0,0,0,0,0,0,0,0,0,0,0,0,0,0,0,0,0,0,0,0,0,0,0,0,0,0,0,0,0,0,0,0,0,0,0,0,0,0,0,0,0,0,0,0,0,0,0,0,0,0,0
com drop_index,0,0,0,0,0,0,0,0,0,0,0,0,0,0,0,0,0,0,0,0,0,0,0,0,0,0,0,0,0,0,0,0,0,0,0,0,0,0,0,0,0,0,0,0,0,0,0,0,0,0,0,0
com drop_procedure,0,0,0,0,0,0,0,0,0,0,0,0,0,0,0,0,0,0,0,0,0,0,0,0,0,0,0,0,0,0,0,0,0,0,0,0,0,0,0,0,0,0,0,0,0,0,0,0,0,0,0,0
com drop_server,0,0,0,0,0,0,0,0,0,0,0,0,0,0,0,0,0,0,0,0,0,0,0,0,0,0,0,0,0,0,0,0,0,0,0,0,0,0,0,0,0,0,0,0,0,0,0,0,0,0,0,0
com drop_table,0,0,0,0,0,0,0,0,0,0,0,0,0,0,0,0,0,0,0,0,0,0,0,0,0,0,0,0,0,0,0,0,0,0,0,0,0,0,0,0,0,0,0,0,0,0,0,0,0,0,0,0
com drop_trigger,0,0,0,0,0,0,0,0,0,0,0,0,0,0,0,0,0,0,0,0,0,0,0,0,0,0,0,0,0,0,0,0,0,0,0,0,0,0,0,0,0,0,0,0,0,0,0,0,0,0,0,0
com drop_user,0,0,0,0,0,0,0,0,0,0,0,0,0,0,0,0,0,0,0,0,0,0,0,0,0,0,0,0,0,0,0,0,0,0,0,0,0,0,0,0,0,0,0,0,0,0,0,0,0,0,0,0
com drop_view,0,0,0,0,0,0,0,0,0,0,0,0,0,0,0,0,0,0,0,0,0,0,0,0,0,0,0,0,0,0,0,0,0,0,0,0,0,0,0,0,0,0,0,0,0,0,0,0,0,0,0,0
com empty_query,0,0,0,0,0,0,0,0,0,0,0,0,0,0,0,0,0,0,0,0,0,0,0,0,0,0,0,0,0,0,0,0,0,0,0,0,0,0,0,0,0,0,0,0,0,0,0,0,0,0,0,0
com execute_sql,0,0,0,0,0,0,0,0,0,0,0,0,0,0,0,0,0,0,0,0,0,0,0,0,0,0,0,0,0,0,0,0,0,0,0,0,0,0,0,0,0,0,0,0,0,0,0,0,0,0,0,0
com explain_other,0,0,0,0,0,0,0,0,0,0,0,0,0,0,0,0,0,0,0,0,0,0,0,0,0,0,0,0,0,0,0,0,0,0,0,0,0,0,0,0,0,0,0,0,0,0,0,0,0,0,0,0
com flush,0,0,0,0,0,0,0,0,0,0,0,0,0,0,0,0,0,0,0,0,0,0,0,0,0,0,0,0,0,0,0,0,0,0,0,0,0,0,0,0,0,0,0,0,0,0,0,0,0,0,0,0
com get_diagnostics,0,0,0,0,0,0,0,0,0,0,0,0,0,0,0,0,0,0,0,0,0,0,0,0,0,0,0,0,0,0,0,0,0,0,0,0,0,0,0,0,0,0,0,0,0,0,0,0,0,0,0,0
com grant,0,0,0,0,0,0,0,0,0,0,0,0,0,0,0,0,0,0,0,0,0,0,0,0,0,0,0,0,0,0,0,0,0,0,0,0,0,0,0,0,0,0,0,0,0,0,0,0,0,0,0,0
com group_replication_start,0,0,0,0,0,0,0,0,0,0,0,0,0,0,0,0,0,0,0,0,0,0,0,0,0,0,0,0,0,0,0,0,0,0,0,0,0,0,0,0,0,0,0,0,0,0,0,0,0,0,0,0
com group_replication_stop,0,0,0,0,0,0,0,0,0,0,0,0,0,0,0,0,0,0,0,0,0,0,0,0,0,0,0,0,0,0,0,0,0,0,0,0,0,0,0,0,0,0,0,0,0,0,0,0,0,0,0,0
com ha_close,0,0,0,0,0,0,0,0,0,0,0,0,0,0,0,0,0,0,0,0,0,0,0,0,0,0,0,0,0,0,0,0,0,0,0,0,0,0,0,0,0,0,0,0,0,0,0,0,0,0,0,0
com ha_open,0,0,0,0,0,0,0,0,0,0,0,0,0,0,0,0,0,0,0,0,0,0,0,0,0,0,0,0,0,0,0,0,0,0,0,0,0,0,0,0,0,0,0,0,0,0,0,0,0,0,0,0
com ha_read,0,0,0,0,0,0,0,0,0,0,0,0,0,0,0,0,0,0,0,0,0,0,0,0,0,0,0,0,0,0,0,0,0,0,0,0,0,0,0,0,0,0,0,0,0,0,0,0,0,0,0,0
com help,0,0,0,0,0,0,0,0,0,0,0,0,0,0,0,0,0,0,0,0,0,0,0,0,0,0,0,0,0,0,0,0,0,0,0,0,0,0,0,0,0,0,0,0,0,0,0,0,0,0,0,0
com insert,0,0,0,29.666666666666668,57.44444444444444,78,101.11111111111111,122.88888888888889,157.33333333333334,180.66666666666669,204.22222222222223,222.77777777777777,187.31295,162.02194285714285,208.1623599866918,183.34816119911852,164.59100897819582,133.19558542463022,113.50077403494784,94.8754854368932,88.42111368909514,28.640232312565995,45.92565485362095,41.88746748105417,39.34546491005828,37.685698403072564,36.80602684827083,36.17398465935964,35.42405467472002,95.78629708282106,79.645725,97.1606033717835,97.55555555555556,97.44444444444444,97.66666666666667,97.77777777777779,97.88888888888889,97.88888888888889,96.55555555555556,66.2857142857143,63.28890525282278,62.02606666666666,62.62908,63.7836,66.04113333333333,71.1873,88.0746,204.454253611557,204.454253611557,204.454253611557,204.454253611557,204.454253611557
com insert_select,0,0,0,0,0,0,0,0,0,0,0,0,0,0,0,0,0,0,0,0,0,0,0,0,0,0,0,0,0,0,0,0,0,0,0,0,0,0,0,0,0,0,0,0,0,0,0,0,0,0,0,0
com install_plugin,0,0,0,0,0,0,0,0,0,0,0,0,0,0,0,0,0,0,0,0,0,0,0,0,0,0,0,0,0,0,0,0,0,0,0,0,0,0,0,0,0,0,0,0,0,0,0,0,0,0,0,0
com kill,0,0,0,0,0,0,0,0,0,0,0,0,0,0,0,0,0,0,0,0,0,0,0,0,0,0,0,0,0,0,0,0,0,0,0,0,0,0,0,0,0,0,0,0,0,0,0,0,0,0,0,0
com load,0,0,0,0,0,0,0,0,0,0,0,0,0,0,0,0,0,0,0,0,0,0,0,0,0,0,0,0,0,0,0,0,0,0,0,0,0,0,0,0,0,0,0,0,0,0,0,0,0,0,0,0
com lock_binlog_for_backup,0,0,0,0,0,0,0,0,0,0,0,0,0,0,0,0,0,0,0,0,0,0,0,0,0,0,0,0,0,0,0,0,0,0,0,0,0,0,0,0,0,0,0,0,0,0,0,0,0,0,0,0
com lock_tables,0,0,0,0,0,0,0,0,0,0,0,0,0,0,0,0,0,0,0,0,0,0,0,0,0,0,0,0,0,0,0,0,0,0,0,0,0,0,0,0,0,0,0,0,0,0,0,0,0,0,0,0
com lock_tables_for_backup,0,0,0,0,0,0,0,0,0,0,0,0,0,0,0,0,0,0,0,0,0,0,0,0,0,0,0,0,0,0,0,0,0,0,0,0,0,0,0,0,0,0,0,0,0,0,0,0,0,0,0,0
com optimize,0,0,0,0,0,0,0,0,0,0,0,0,0,0,0,0,0,0,0,0,0,0,0,0,0,0,0,0,0,0,0,0,0,0,0,0,0,0,0,0,0,0,0,0,0,0,0,0,0,0,0,0
com preload_keys,0,0,0,0,0,0,0,0,0,0,0,0,0,0,0,0,0,0,0,0,0,0,0,0,0,0,0,0,0,0,0,0,0,0,0,0,0,0,0,0,0,0,0,0,0,0,0,0,0,0,0,0
com prepare_sql,0,0,0,0,0,0,0,0,0,0,0,0,0,0,0,0,0,0,0,0,0,0,0,0,0,0,0,0,0,0,0,0,0,0,0,0,0,0,0,0,0,0,0,0,0,0,0,0,0,0,0,0
com purge,0,0,0,0,0,0,0,0,0,0,0,0,0,0,0,0,0,0,0,0,0,0,0,0,0,0,0,0,0,0,0,0,0,0,0,0,0,0,0,0,0,0,0,0,0,0,0,0,0,0,0,0
com purge_before_date,0,0,0,0,0,0,0,0,0,0,0,0,0,0,0,0,0,0,0,0,0,0,0,0,0,0,0,0,0,0,0,0,0,0,0,0,0,0,0,0,0,0,0,0,0,0,0,0,0,0,0,0
com release_savepoint,0,0,0,0,0,0,0,0,0,0,0,0,0,0,0,0,0,0,0,0,0,0,0,0,0,0,0,0,0,0,0,0,0,0,0,0,0,0,0,0,0,0,0,0,0,0,0,0,0,0,0,0
com rename_table,0,0,0,0,0,0,0,0,0,0,0,0,0,0,0,0,0,0,0,0,0,0,0,0,0,0,0,0,0,0,0,0,0,0,0,0,0,0,0,0,0,0,0,0,0,0,0,0,0,0,0,0
com rename_user,0,0,0,0,0,0,0,0,0,0,0,0,0,0,0,0,0,0,0,0,0,0,0,0,0,0,0,0,0,0,0,0,0,0,0,0,0,0,0,0,0,0,0,0,0,0,0,0,0,0,0,0
com repair,0,0,0,0,0,0,0,0,0,0,0,0,0,0,0,0,0,0,0,0,0,0,0,0,0,0,0,0,0,0,0,0,0,0,0,0,0,0,0,0,0,0,0,0,0,0,0,0,0,0,0,0
com replace,0,0,0,0,0,0,0,0,0,0,0,0,0,0,0,0,0,0,0,0,0,0,0,0,0,0,0,0,0,0,0,0,0,0,0,0,0,0,0,0,0,0,0,0,0,0,0,0,0,0,0,0
com replace_select,0,0,0,0,0,0,0,0,0,0,0,0,0,0,0,0,0,0,0,0,0,0,0,0,0,0,0,0,0,0,0,0,0,0,0,0,0,0,0,0,0,0,0,0,0,0,0,0,0,0,0,0
com reset,0,0,0,0,0,0,0,0,0,0,0,0,0,0,0,0,0,0,0,0,0,0,0,0,0,0,0,0,0,0,0,0,0,0,0,0,0,0,0,0,0,0,0,0,0,0,0,0,0,0,0,0
com resignal,0,0,0,0,0,0,0,0,0,0,0,0,0,0,0,0,0,0,0,0,0,0,0,0,0,0,0,0,0,0,0,0,0,0,0,0,0,0,0,0,0,0,0,0,0,0,0,0,0,0,0,0
com revoke,0,0,0,0,0,0,0,0,0,0,0,0,0,0,0,0,0,0,0,0,0,0,0,0,0,0,0,0,0,0,0,0,0,0,0,0,0,0,0,0,0,0,0,0,0,0,0,0,0,0,0,0
com revoke_all,0,0,0,0,0,0,0,0,0,0,0,0,0,0,0,0,0,0,0,0,0,0,0,0,0,0,0,0,0,0,0,0,0,0,0,0,0,0,0,0,0,0,0,0,0,0,0,0,0,0,0,0
com rollback,0,0,0,0,0.11111111111111112,0.22222222222222224,0.33333333333333337,0.4444444444444445,0.7777777777777779,1,1.1111111111111112,1.777777777777778,1.7244,1.633285714285714,2.550737495841189,2.416812190761299,2.346511329628046,2.0614965929865385,1.905574380439838,1.9205563853622105,1.3863937686443488,0,0,0,0,0,0,0,0,11.847546663686154,11.424150000000001,12.422360248447205,12.777777777777779,13.333333333333334,14,14.555555555555557,15.333333333333334,16.22222222222222,14.222222222222223,13.942857142857145,13.312493863524793,13.133633333333332,12.81816,12.4794,12.435533333333334,12.5856,14.273599999999998,4.414125200642054,4.414125200642054,4.414125200642054,4.414125200642054,4.414125200642054
com rollback_to_savepoint,0,0,0,0,0,0,0,0,0,0,0,0,0,0,0,0,0,0,0,0,0,0,0,0,0,0,0,0,0,0,0,0,0,0,0,0,0,0,0,0,0,0,0,0,0,0,0,0,0,0,0,0
com savepoint,0,0,0,0,0,0,0,0,0,0,0,0,0,0,0,0,0,0,0,0,0,0,0,0,0,0,0,0,0,0,0,0,0,0,0,0,0,0,0,0,0,0,0,0,0,0,0,0,0,0,0,0
com select,27.22222222222222,26.333333333333336,28.77777777777778,97,158.88888888888889,206.66666666666669,256.22222222222223,301.77777777777777,381.8888888888889,435.2222222222223,498.6666666666667,552,466.77352499999995,406.5792571428571,534.434956193856,477.7598280736767,437.56849365825855,363.854148662124,317.516331140788,265.2928553647,238.459728206828,95.62925026399155,160.2295069337442,182.7816762809637,213.3009279199392,245.27640994542145,284.96973964463876,316.8218192847889,342.27613092991066,412.42874706605573,355.2264,416.59272404614023,416.6666666666667,412.88888888888886,409,406.11111111111114,409.6666666666667,407.2222222222223,398.33333333333337,294.51428571428573,281.19915316642124,251.3049,222.18144,193.4307,157.557,123.62729999999999,112.2424,525.8828250401284,525.8828250401284,525.8828250401284,525.8828250401284,525.8828250401284
com set_option,1,1,1.2222222222222223,6.444444444444445,11.222222222222223,15.555555555555557,20.333333333333336,25.11111111111111,29.888888888888893,34.88888888888889,40.22222222222222,44.44444444444444,37.9368,33.53679999999999,44.3606521015859,39.10841545050102,34.86245404018812,30.69339371779957,26.439844528602748,22.150416977844163,20.33377527345045,12.621119324181624,15.988931689779147,19.039757945933715,23.44558525462377,28.104588639579543,32.74382321618744,36.293766065516465,40.35057883478042,42.137029171789436,35.026875000000004,41.48181011535049,42.66666666666667,42,41.333333333333336,41.44444444444444,42.333333333333336,40.77777777777778,39.22222222222222,29.942857142857143,28.589126165930292,23.839199999999998,20.01432,15.9459,10.986733333333333,6.0306,3.0818,42.736757624398074,42.736757624398074,42.736757624398074,42.736757624398074,42.736757624398074
com show_binlog_events,0,0,0,0,0,0,0,0,0,0,0,0,0,0,0,0,0,0,0,0,0,0,0,0,0,0,0,0,0,0,0,0,0,0,0,0,0,0,0,0,0,0,0,0,0,0,0,0,0,0,0,0
com show_binlogs,0,0,0,0,0,0,0,0,0,0,0,0,0,0,0,0,0,0,0,0,0,0,0,0,0,0,0,0,0,0,0,0,0,0,0,0,0,0,0,0,0,0,0,0,0,0,0,0,0,0,0,0
com show_charsets,0,0,0,0,0,0,0,0,0,0,0,0,0,0,0,0,0,0,0,0,0,0,0,0,0,0,0,0,0,0,0,0,0,0,0,0,0,0,0,0,0,0,0,0,0,0,0,0,0,0,0,0
com show_client_statistics,0,0,0,0,0,0,0,0,0,0,0,0,0,0,0,0,0,0,0,0,0,0,0,0,0,0,0,0,0,0,0,0,0,0,0,0,0,0,0,0,0,0,0,0,0,0,0,0,0,0,0,0
com show_collations,0,0,0,0,0,0,0,0,0,0,0,0,0,0,0,0,0,0,0,0,0,0,0,0,0,0,0,0,0,0,0,0,0,0,0,0,0,0,0,0,0,0,0,0,0,0,0,0,0,0,0,0
com show_create_db,0,0,0,0,0,0,0,0,0,0,0,0,0,0,0,0,0,0,0,0,0,0,0,0,0,0,0,0,0,0,0,0,0,0,0,0,0,0,0,0,0,0,0,0,0,0,0,0,0,0,0,0
com show_create_event,0,0,0,0,0,0,0,0,0,0,0,0,0,0,0,0,0,0,0,0,0,0,0,0,0,0,0,0,0,0,0,0,0,0,0,0,0,0,0,0,0,0,0,0,0,0,0,0,0,0,0,0
com show_create_func,0,0,0,0,0,0,0,0,0,0,0,0,0,0,0,0,0,0,0,0,0,0,0,0,0,0,0,0,0,0,0,0,0,0,0,0,0,0,0,0,0,0,0,0,0,0,0,0,0,0,0,0
com show_create_proc,0,0,0,0,0,0,0,0,0,0,0,0,0,0,0,0,0,0,0,0,0,0,0,0,0,0,0,0,0,0,0,0,0,0,0,0,0,0,0,0,0,0,0,0,0,0,0,0,0,0,0,0
com show_create_table,0,0,0,0,0,0,0,0,0,0,0,0,0,0,0,0,0,0,0,0,0,0,0,0,0,0,0,0,0,0,0,0,0,0,0,0,0,0,0,0,0,0,0,0,0,0,0,0,0,0,0,0
com show_create_trigger,0,0,0,0,0,0,0,0,0,0,0,0,0,0,0,0,0,0,0,0,0,0,0,0,0,0,0,0,0,0,0,0,0,0,0,0,0,0,0,0,0,0,0,0,0,0,0,0,0,0,0,0
com show_create_user,0,0,0,0,0,0,0,0,0,0,0,0,0,0,0,0,0,0,0,0,0,0,0,0,0,0,0,0,0,0,0,0,0,0,0,0,0,0,0,0,0,0,0,0,0,0,0,0,0,0,0,0
com show_databases,0,0,0,0,0,0,0,0,0,0,0,0,0,0,0,0,0,0,0,0,0,0,0,0,0,0,0,0,0,0,0,0,0,0,0,0,0,0,0,0,0,0,0,0,0,0,0,0,0,0,0,0
com show_engine_logs,0,0,0,0,0,0,0,0,0,0,0,0,0,0,0,0,0,0,0,0,0,0,0,0,0,0,0,0,0,0,0,0,0,0,0,0,0,0,0,0,0,0,0,0,0,0,0,0,0,0,0,0
com show_engine_mutex,0,0,0,0,0,0,0,0,0,0,0,0,0,0,0,0,0,0,0,0,0,0,0,0,0,0,0,0,0,0,0,0,0,0,0,0,0,0,0,0,0,0,0,0,0,0,0,0,0,0,0,0
com show_engine_status,1,0.888888888888889,1,0.888888888888889,1,1,0.888888888888889,0.888888888888889,1,1,1.1111111111111112,1,0.8622,0.7621999999999999,0.8872130420317179,0.8788407966404723,0.7821704432093488,0.6871655309955128,0.5954919938874493,0.3841112770724421,0.4621312562147829,0.24271383315733894,0.34019003595274777,0.4393790295215473,0.6737237142133267,0.7664887810794421,0.861679558320722,0.83846984309774,0.938385554297219,1.0059237733318434,0.8622,1.109139307897072,1.1111111111111112,0.888888888888889,0.888888888888889,1,1,1,1,0.6857142857142857,0.6547128129602358,0.5518333333333333,0.5622,0.4622,0.24146666666666666,0.2622,0.16219999999999998,1.203852327447833,1.203852327447833,1.203852327447833,1.203852327447833,1.203852327447833
com show_errors,0,0,0,0,0,0,0,0,0,0,0,0,0,0,0,0,0,0,0,0,0,0,0,0,0,0,0,0,0,0,0,0,0,0,0,0,0,0,0,0,0,0,0,0,0,0,0,0,0,0,0,0
com show_events,0,0,0,0,0,0,0,0,0,0,0,0,0,0,0,0,0,0,0,0,0,0,0,0,0,0,0,0,0,0,0,0,0,0,0,0,0,0,0,0,0,0,0,0,0,0,0,0,0,0,0,0
com show_fields,0,0,0,0,0,0,0,0,0,0,0,0,0,0,0,0,0,0,0,0,0,0,0,0,0,0,0,0,0,0,0,0,0,0,0,0,0,0,0,0,0,0,0,0,0,0,0,0,0,0,0,0
com show_function_code,0,0,0,0,0,0,0,0,0,0,0,0,0,0,0,0,0,0,0,0,0,0,0,0,0,0,0,0,0,0,0,0,0,0,0,0,0,0,0,0,0,0,0,0,0,0,0,0,0,0,0,0
com show_function_status,0,0,0,0,0,0,0,0,0,0,0,0,0,0,0,0,0,0,0,0,0,0,0,0,0,0,0,0,0,0,0,0,0,0,0,0,0,0,0,0,0,0,0,0,0,0,0,0,0,0,0,0
com show_grants,0,0,0,0,0,0,0,0,0,0,0,0,0,0,0,0,0,0,0,0,0,0,0,0,0,0,0,0,0,0,0,0,0,0,0,0,0,0,0,0,0,0,0,0,0,0,0,0,0,0,0,0
com show_index_statistics,0,0,0,0,0,0,0,0,0,0,0,0,0,0,0,0,0,0,0,0,0,0,0,0,0,0,0,0,0,0,0,0,0,0,0,0,0,0,0,0,0,0,0,0,0,0,0,0,0,0,0,0
com show_keys,0,0,0,0,0,0,0,0,0,0,0,0,0,0,0,0,0,0,0,0,0,0,0,0,0,0,0,0,0,0,0,0,0,0,0,0,0,0,0,0,0,0,0,0,0,0,0,0,0,0,0,0
com show_master_status,0,0,0,0,0,0,0,0,0,0,0,0,0,0,0,0,0,0,0,0,0,0,0,0,0,0,0,0,0,0,0,0,0,0,0,0,0,0,0,0,0,0,0,0,0,0,0,0,0,0,0,0
com show_open_tables,0,0,0,0,0,0,0,0,0,0,0,0,0,0,0,0,0,0,0,0,0,0,0,0,0,0,0,0,0,0,0,0,0,0,0,0,0,0,0,0,0,0,0,0,0,0,0,0,0,0,0,0
com show_plugins,0,0,0,0,0,0,0,0,0,0,0,0,0,0,0,0,0,0,0,0,0,0,0,0,0,0,0,0,0,0,0,0,0,0,0,0,0,0,0,0,0,0,0,0,0,0,0,0,0,0,0,0
com show_privileges,0,0,0,0,0,0,0,0,0,0,0,0,0,0,0,0,0,0,0,0,0,0,0,0,0,0,0,0,0,0,0,0,0,0,0,0,0,0,0,0,0,0,0,0,0,0,0,0,0,0,0,0
com show_procedure_code,0,0,0,0,0,0,0,0,0,0,0,0,0,0,0,0,0,0,0,0,0,0,0,0,0,0,0,0,0,0,0,0,0,0,0,0,0,0,0,0,0,0,0,0,0,0,0,0,0,0,0,0
com show_procedure_status,0,0,0,0,0,0,0,0,0,0,0,0,0,0,0,0,0,0,0,0,0,0,0,0,0,0,0,0,0,0,0,0,0,0,0,0,0,0,0,0,0,0,0,0,0,0,0,0,0,0,0,0
com show_processlist,0,0,0,0,0,0,0,0,0,0,0,0,0,0,0,0,0,0,0,0,0,0,0,0,0,0,0,0,0,0,0,0,0,0,0,0,0,0,0,0,0,0,0,0,0,0,0,0,0,0,0,0
com show_profile,0,0,0,0,0,0,0,0,0,0,0,0,0,0,0,0,0,0,0,0,0,0,0,0,0,0,0,0,0,0,0,0,0,0,0,0,0,0,0,0,0,0,0,0,0,0,0,0,0,0,0,0
com show_profiles,0,0,0,0,0,0,0,0,0,0,0,0,0,0,0,0,0,0,0,0,0,0,0,0,0,0,0,0,0,0,0,0,0,0,0,0,0,0,0,0,0,0,0,0,0,0,0,0,0,0,0,0
com show_relaylog_events,0,0,0,0,0,0,0,0,0,0,0,0,0,0,0,0,0,0,0,0,0,0,0,0,0,0,0,0,0,0,0,0,0,0,0,0,0,0,0,0,0,0,0,0,0,0,0,0,0,0,0,0
com show_slave_hosts,0,0,0,0,0,0,0,0,0,0,0,0,0,0,0,0,0,0,0,0,0,0,0,0,0,0,0,0,0,0,0,0,0,0,0,0,0,0,0,0,0,0,0,0,0,0,0,0,0,0,0,0
com show_slave_status,1,1,1,1,1,0.888888888888889,1,1,1,1,1,1,0.8622,0.7621999999999999,0.9981146722856826,0.8788407966404723,0.7821704432093488,0.6871655309955128,0.5954919938874493,0.5121483694299228,0.4621312562147829,0.24271383315733894,0.34019003595274777,0.4393790295215473,0.5389789713706613,0.638740650899535,0.7385824785606188,0.83846984309774,0.938385554297219,1.0059237733318434,0.8622,0.9982253771073648,1,1,1,1,1,1,1,0.8000000000000002,0.763831615120275,0.6622,0.5622,0.4622,0.36219999999999997,0.2622,0.16219999999999998,1.0032102728731942,1.0032102728731942,1.0032102728731942,1.0032102728731942,1.0032102728731942
com show_status,1,1,1,1,1,1,1,1,1,1,1,1,0.8622,0.7621999999999999,0.9981146722856826,0.8788407966404723,0.7821704432093488,0.6871655309955128,0.5954919938874493,0.5121483694299228,0.4621312562147829,0.24271383315733894,0.34019003595274777,0.4393790295215473,0.5389789713706613,0.638740650899535,0.7385824785606188,0.83846984309774,0.938385554297219,1.0059237733318434,0.8622,0.9982253771073648,1,1,1,1,1,1,1,0.8000000000000002,0.763831615120275,0.6622,0.5622,0.4622,0.36219999999999997,0.2622,0.16219999999999998,1.0032102728731942,1.0032102728731942,1.0032102728731942,1.0032102728731942,1.0032102728731942
com show_storage_engines,0,0,0,0,0,0,0,0,0,0,0,0,0,0,0,0,0,0,0,0,0,0,0,0,0,0,0,0,0,0,0,0,0,0,0,0,0,0,0,0,0,0,0,0,0,0,0,0,0,0,0,0
com show_table_statistics,0,0,0,0,0,0,0,0,0,0,0,0,0,0,0,0,0,0,0,0,0,0,0,0,0,0,0,0,0,0,0,0,0,0,0,0,0,0,0,0,0,0,0,0,0,0,0,0,0,0,0,0
com show_table_status,0,0,0,0,0,0,0,0,0,0,0,0,0,0,0,0,0,0,0,0,0,0,0,0,0,0,0,0,0,0,0,0,0,0,0,0,0,0,0,0,0,0,0,0,0,0,0,0,0,0,0,0
com show_tables,0,0,0,0,0,0,0,0,0,0,0,0,0,0,0,0,0,0,0,0,0,0,0,0,0,0,0,0,0,0,0,0,0,0,0,0,0,0,0,0,0,0,0,0,0,0,0,0,0,0,0,0
com show_thread_statistics,0,0,0,0,0,0,0,0,0,0,0,0,0,0,0,0,0,0,0,0,0,0,0,0,0,0,0,0,0,0,0,0,0,0,0,0,0,0,0,0,0,0,0,0,0,0,0,0,0,0,0,0
com show_triggers,0,0,0,0,0,0,0,0,0,0,0,0,0,0,0,0,0,0,0,0,0,0,0,0,0,0,0,0,0,0,0,0,0,0,0,0,0,0,0,0,0,0,0,0,0,0,0,0,0,0,0,0
com show_user_statistics,0,0,0,0,0,0,0,0,0,0,0,0,0,0,0,0,0,0,0,0,0,0,0,0,0,0,0,0,0,0,0,0,0,0,0,0,0,0,0,0,0,0,0,0,0,0,0,0,0,0,0,0
com show_variables,1,1,0.888888888888889,1.1111111111111112,1.1111111111111112,1,1,0.888888888888889,1,1,1.1111111111111112,1.1111111111111112,0.8622,0.7621999999999999,0.9981146722856826,0.9886958962205312,0.8939090779535415,0.8016931194947648,0.7145903926649393,0.5121483694299228,0.4621312562147829,0.24271383315733894,0.34019003595274777,0.4393790295215473,0.5389789713706613,0.7664887810794421,0.7385824785606188,0.83846984309774,0.938385554297219,1.0059237733318434,0.8622,0.9982253771073648,1,1.1111111111111112,0.888888888888889,1.1111111111111112,1.1111111111111112,1,1,0.8000000000000002,0.763831615120275,0.6622,0.44976000000000005,0.4622,0.24146666666666666,0.1311,0.16219999999999998,1.0032102728731942,1.0032102728731942,1.0032102728731942,1.0032102728731942,1.0032102728731942
com show_warnings,0,0,0,0,0,0,0,0,0,0,0,0,0,0,0,0,0,0,0,0,0,0,0,0,0,0,0,0,0,0,0,0,0,0,0,0,0,0,0,0,0,0,0,0,0,0,0,0,0,0,0,0
com shutdown,0,0,0,0,0,0,0,0,0,0,0,0,0,0,0,0,0,0,0,0,0,0,0,0,0,0,0,0,0,0,0,0,0,0,0,0,0,0,0,0,0,0,0,0,0,0,0,0,0,0,0,0
com signal,0,0,0,0,0,0,0,0,0,0,0,0,0,0,0,0,0,0,0,0,0,0,0,0,0,0,0,0,0,0,0,0,0,0,0,0,0,0,0,0,0,0,0,0,0,0,0,0,0,0,0,0
com slave_start,0,0,0,0,0,0,0,0,0,0,0,0,0,0,0,0,0,0,0,0,0,0,0,0,0,0,0,0,0,0,0,0,0,0,0,0,0,0,0,0,0,0,0,0,0,0,0,0,0,0,0,0
com slave_stop,0,0,0,0,0,0,0,0,0,0,0,0,0,0,0,0,0,0,0,0,0,0,0,0,0,0,0,0,0,0,0,0,0,0,0,0,0,0,0,0,0,0,0,0,0,0,0,0,0,0,0,0
com stmt_close,1,0.888888888888889,1,1,1,0.888888888888889,0.888888888888889,1.1111111111111112,1,1,1,1,0.8622,0.6533142857142856,0.9981146722856826,0.8788407966404723,0.6704318084651562,0.6871655309955128,0.5954919938874493,0.5121483694299228,0.4621312562147829,0.24271383315733894,0.5102850539291217,0.5858387060287298,0.5389789713706613,0.638740650899535,0.7385824785606188,0.83846984309774,1.0556837485843713,1.0059237733318434,0.8622,0.8873114463176576,1,1.1111111111111112,1,1,1,0.888888888888889,1,0.8000000000000002,0.763831615120275,0.5518333333333333,0.44976000000000005,0.4622,0.36219999999999997,0.2622,0.16219999999999998,1.203852327447833,1.203852327447833,1.203852327447833,1.203852327447833,1.203852327447833
com stmt_execute,1,0.888888888888889,1,1,1,0.888888888888889,0.888888888888889,1.1111111111111112,1,1,1,1,0.8622,0.6533142857142856,0.9981146722856826,0.8788407966404723,0.6704318084651562,0.6871655309955128,0.5954919938874493,0.5121483694299228,0.4621312562147829,0.24271383315733894,0.5102850539291217,0.5858387060287298,0.5389789713706613,0.638740650899535,0.7385824785606188,0.83846984309774,1.0556837485843713,1.0059237733318434,0.8622,0.8873114463176576,1,1.1111111111111112,1,1,1,0.888888888888889,1,0.8000000000000002,0.763831615120275,0.5518333333333333,0.44976000000000005,0.4622,0.36219999999999997,0.2622,0.16219999999999998,1.203852327447833,1.203852327447833,1.203852327447833,1.203852327447833,1.203852327447833
com stmt_fetch,0,0,0,0,0,0,0,0,0,0,0,0,0,0,0,0,0,0,0,0,0,0,0,0,0,0,0,0,0,0,0,0,0,0,0,0,0,0,0,0,0,0,0,0,0,0,0,0,0,0,0,0
com stmt_prepare,1,0.888888888888889,1,1,1,0.888888888888889,0.888888888888889,1.1111111111111112,1,1,1,1,0.8622,0.6533142857142856,0.9981146722856826,0.8788407966404723,0.6704318084651562,0.6871655309955128,0.5954919938874493,0.5121483694299228,0.4621312562147829,0.24271383315733894,0.5102850539291217,0.5858387060287298,0.5389789713706613,0.638740650899535,0.7385824785606188,0.83846984309774,1.0556837485843713,1.0059237733318434,0.8622,0.8873114463176576,1,1.1111111111111112,1,1,1,0.888888888888889,1,0.8000000000000002,0.763831615120275,0.5518333333333333,0.44976000000000005,0.4622,0.36219999999999997,0.2622,0.16219999999999998,1.203852327447833,1.203852327447833,1.203852327447833,1.203852327447833,1.203852327447833
com stmt_reprepare,0,0,0,0,0,0,0,0,0,0,0,0,0,0,0,0,0,0,0,0,0,0,0,0,0,0,0,0,0,0,0,0,0,0,0,0,0,0,0,0,0,0,0,0,0,0,0,0,0,0,0,0
com stmt_reset,0,0,0,0,0,0,0,0,0,0,0,0,0,0,0,0,0,0,0,0,0,0,0,0,0,0,0,0,0,0,0,0,0,0,0,0,0,0,0,0,0,0,0,0,0,0,0,0,0,0,0,0
com stmt_send_long_data,0,0,0,0,0,0,0,0,0,0,0,0,0,0,0,0,0,0,0,0,0,0,0,0,0,0,0,0,0,0,0,0,0,0,0,0,0,0,0,0,0,0,0,0,0,0,0,0,0,0,0,0
com truncate,0,0,0,0,0,0,0,0,0,0,0,0,0,0,0,0,0,0,0,0,0,0,0,0,0,0,0,0,0,0,0,0,0,0,0,0,0,0,0,0,0,0,0,0,0,0,0,0,0,0,0,0
com uninstall_plugin,0,0,0,0,0,0,0,0,0,0,0,0,0,0,0,0,0,0,0,0,0,0,0,0,0,0,0,0,0,0,0,0,0,0,0,0,0,0,0,0,0,0,0,0,0,0,0,0,0,0,0,0
com unlock_binlog,0,0,0,0,0,0,0,0,0,0,0,0,0,0,0,0,0,0,0,0,0,0,0,0,0,0,0,0,0,0,0,0,0,0,0,0,0,0,0,0,0,0,0,0,0,0,0,0,0,0,0,0
com unlock_tables,0,0,0,0,0,0,0,0,0,0,0,0,0,0,0,0,0,0,0,0,0,0,0,0,0,0,0,0,0,0,0,0,0,0,0,0,0,0,0,0,0,0,0,0,0,0,0,0,0,0,0,0
com update,0,0,0.22222222222222224,41.111111111111114,74.11111111111111,99,129.66666666666669,155.33333333333334,196,223.66666666666669,255.33333333333334,288,239.69160000000002,209.82277142857143,273.03981368526115,240.14324768200905,218.44903092489668,181.98433812531164,159.59185436183643,135.07913243714216,116.91920782234008,39.56235480464625,71.26981253210066,67.37145119330391,66.833392449962,68.34524964625025,70.5346267025391,72.4677507248761,74.83624795520322,138.37040348720242,115.858125,153.61579414374447,155.11111111111111,155.44444444444446,154.88888888888889,155.55555555555557,156.22222222222223,155.44444444444446,153,92.6857142857143,88.49534855179186,83.76829999999998,80.95680000000002,79.2673,77.5108,79.1844,93.7516,267.4558587479936,267.4558587479936,267.4558587479936,267.4558587479936,267.4558587479936
com update_multi,0,0,0,0,0,0,0,0,0,0,0,0,0,0,0,0,0,0,0,0,0,0,0,0,0,0,0,0,0,0,0,0,0,0,0,0,0,0,0,0,0,0,0,0,0,0,0,0,0,0,0,0
com xa_commit,0,0,0,0,0,0,0,0,0,0,0,0,0,0,0,0,0,0,0,0,0,0,0,0,0,0,0,0,0,0,0,0,0,0,0,0,0,0,0,0,0,0,0,0,0,0,0,0,0,0,0,0
com xa_end,0,0,0,0,0,0,0,0,0,0,0,0,0,0,0,0,0,0,0,0,0,0,0,0,0,0,0,0,0,0,0,0,0,0,0,0,0,0,0,0,0,0,0,0,0,0,0,0,0,0,0,0
com xa_prepare,0,0,0,0,0,0,0,0,0,0,0,0,0,0,0,0,0,0,0,0,0,0,0,0,0,0,0,0,0,0,0,0,0,0,0,0,0,0,0,0,0,0,0,0,0,0,0,0,0,0,0,0
com xa_recover,0,0,0,0,0,0,0,0,0,0,0,0,0,0,0,0,0,0,0,0,0,0,0,0,0,0,0,0,0,0,0,0,0,0,0,0,0,0,0,0,0,0,0,0,0,0,0,0,0,0,0,0
com xa_rollback,0,0,0,0,0,0,0,0,0,0,0,0,0,0,0,0,0,0,0,0,0,0,0,0,0,0,0,0,0,0,0,0,0,0,0,0,0,0,0,0,0,0,0,0,0,0,0,0,0,0,0,0
com xa_start,0,0,0,0,0,0,0,0,0,0,0,0,0,0,0,0,0,0,0,0,0,0,0,0,0,0,0,0,0,0,0,0,0,0,0,0,0,0,0,0,0,0,0,0,0,0,0,0,0,0,0,0
handler delete,0,0,0,2.2222222222222223,2.888888888888889,3.3333333333333335,4.444444444444445,4.444444444444445,6.666666666666667,7.111111111111112,8.88888888888889,11.11111111111111,8.622,8.057542857142856,12.19917932793612,10.985509958005903,11.173863474419267,9.16220707994017,9.05147830708923,7.682225541448842,6.161750082863772,1.4562829989440336,3.571995377503852,3.3685725596651963,3.0991290853813025,2.938206994137861,2.954329914242475,2.87475374776368,2.815156662891657,6.929697105174919,6.0354,5.54569653948536,5.444444444444445,5.555555555555555,5.666666666666667,5.555555555555555,5.555555555555555,5.555555555555555,5.333333333333334,4.457142857142857,4.255633284241532,4.193933333333333,4.16028,4.1598,4.3464,4.7196,5.8392,11.436597110754414,11.436597110754414,11.436597110754414,11.436597110754414,11.436597110754414
handler discover,0,0,0,0,0,0,0,0,0,0,0,0,0,0,0,0,0,0,0,0,0,0,0,0,0,0,0,0,0,0,0,0,0,0,0,0,0,0,0,0,0,0,0,0,0,0,0,0,0,0,0,0
handler external_lock,116.88888888888889,113.33333333333334,125.77777777777779,737.1111111111111,1274.6666666666667,1683.2222222222222,2146.222222222222,2557.1111111111113,3226.222222222222,3688.666666666667,4211.222222222223,4688.333333333334,3943.595025,3439.5908285714286,4498.391926361318,3987.1908392582422,3630.0530269345873,3021.8104225527672,2631.4791209886384,2213.5052526761265,1970.5276764998343,727.6560718057021,1240.5029661016947,1305.395096708517,1425.7341240182418,1573.7292156862745,1754.8719690600306,1900.9309157087332,2026.3263063105574,2936.5150329719463,2508.4631249999998,3056.6770186335407,3068,3054.666666666667,3032.888888888889,3027.1111111111113,3051.3333333333335,3035,2966.5555555555557,2070.857142857143,1977.2326951399118,1815.2005666666664,1675.2435600000001,1543.4013499999999,1385.0528,1263.8039999999999,1359.5603999999998,4430.778491171749,4430.778491171749,4430.778491171749,4430.778491171749,4430.778491171749
handler mrr_init,0,0,0,0,0,0,0,0,0,0,0,0,0,0,0,0,0,0,0,0,0,0,0,0,0,0,0,0,0,0,0,0,0,0,0,0,0,0,0,0,0,0,0,0,0,0,0,0,0,0,0,0
handler read_first,2.2222222222222223,1.777777777777778,1.8888888888888888,2.111111111111111,2,2,1.8888888888888888,2,1.8888888888888888,1.8888888888888888,2.2222222222222223,2.111111111111111,1.7244,1.4155142857142855,1.8853277143174005,1.7576815932809446,1.4526022516745047,1.4888586504902777,1.1909839877748987,0.8962596465023649,0.9242625124295658,2.6698521647307283,2.551425269645608,2.636274177129284,2.425405371167976,2.6827107337780474,2.831232834482372,2.87475374776368,3.049753051465962,3.2413099362914948,1.93995,1.9964507542147296,2,2.111111111111111,1.8888888888888888,2,2.111111111111111,2.111111111111111,1.8888888888888888,1.485714285714286,1.4185444280805108,1.1036666666666666,1.01196,0.9244,0.6036666666666667,0.3933,0.16219999999999998,2.207062600321027,2.207062600321027,2.207062600321027,2.207062600321027,2.207062600321027
handler read_key,215.77777777777777,174.22222222222223,196.77777777777777,351.33333333333337,428.6666666666667,547,650.2222222222223,744.4444444444445,866.4444444444446,974.4444444444446,1136.4444444444446,1252.6666666666667,1044.3397499999999,937.7237714285714,1312.7425973161805,1176.8776818011725,1080.5125979763432,980.5852127305967,858.699455185702,735.4450585013692,690.8862280411005,131.30818373812036,407.54766307139187,541.7543434000679,575.2253071953384,82201.1950899535,96637.85485398801,94148.54458347899,92377.37182348684,88247.79255616409,85035.7683,87726.04259094942,87825.11111111111,91653.44444444445,90344.33333333334,87701.11111111111,87757.11111111111,87691.11111111111,87632.11111111111,89703.77142857145,85648.22076583211,86540.37956666666,84227.90448,14060.124,468.2038666666666,317.91749999999996,239.89379999999997,1386.8378812199037,1386.8378812199037,1386.8378812199037,1386.8378812199037,1386.8378812199037
handler read_last,0,0,0,0,0,0,0,0,0,0,0,0,0,0,0,0,0,0,0,0,0,0,0,0,0,0,0,0,0,0,0,0,0,0,0,0,0,0,0,0,0,0,0,0,0,0,0,0,0,0,0,0
handler read_next,0,0,0,82,126.88888888888889,184.44444444444446,236.44444444444443,277.11111111111114,327.11111111111114,384.22222222222223,452.11111111111114,583.1111111111111,486.06525,447.0847428571428,673.5056005323279,615.7378331462309,585.3987074248255,548.4726213229185,509.1456547737692,469.12790639780934,382.7987238979118,98331.86879619851,132571.54672573187,316673.0621083587,510695.106634786,494602.9466100667,476694.30305055773,463908.23544489907,454398.89428872534,453028.50117357785,393175.163025,433542.0363797693,450493.3333333334,441791.1111111111,432775.2222222222,432761.3333333334,432787.2222222222,432709.7777777778,412874.8888888889,352103.77142857143,336184.99052528234,171343.58779999998,326.86308,281.82644999999997,212.6114,141.32580000000002,138.5188,665.7303370786517,665.7303370786517,665.7303370786517,665.7303370786517,665.7303370786517
handler read_prev,0,0,0,0,0,0,0,0,0,0,0,0,0,0,0,0,0,0,0,0,0,0,0,0,0,0,0,0,0,0,0,0,0,0,0,0,0,0,0,0,0,0,0,0,0,0,0,0,0,0,0,0
handler read_rnd,102.22222222222223,81.77777777777779,92,102.22222222222223,92,92,92,92,92,81.77777777777779,102.22222222222223,92,69.4071,60.10491428571428,91.8265498502828,80.85335329092345,71.95968077526008,73.75576699351838,65.74231612517441,47.1176499875529,56.68810076234671,0,31.297483307652794,40.42287071598235,37.18954902457563,81452.97429148978,95723.3666484502,93156.15563346974,91235.82579668428,86945.79188554824,83838.6036,86290.9272404614,86444.44444444445,90289,89088.22222222222,86446,86446,86446,86446,88884.00000000001,84865.51159793815,85825.7554,83547.53004000001,13463.6549,33.6846,24.3846,15.0846,111.95826645264847,111.95826645264847,111.95826645264847,111.95826645264847,111.95826645264847
handler read_rnd_next,3502.5555555555557,3407.7777777777783,3420.666666666667,3703.888888888889,3677.2222222222226,3477.888888888889,3424.111111111111,3387.4444444444443,3494.666666666667,3501.888888888889,3776.888888888889,3693.5555555555557,3057.3612000000003,2596.270971428571,3527.226350227348,3299.8274811858128,2919.7305258657548,2651.1991461691878,2335.9959936216865,1787.9099576798606,1698.9485415976137,836.1491552270327,1330.3131355932203,1617.64712702183,1884.270483911832,2461.0677279159086,2720.076171458999,3006.8726387546526,3437.5408817792877,3700.9053313959994,3197.360925,3655.8340727595387,3795.888888888889,3973.2222222222226,3543.3333333333335,3828.2222222222226,3972.888888888889,3769.4444444444443,3699.7777777777783,2928.914285714286,2796.496661757487,2339.9940666666666,1874.0374800000002,1762.71525,1190.3099333333334,727.7361,515.6338,3840.6902086677364,3840.6902086677364,3840.6902086677364,3840.6902086677364,3840.6902086677364
handler update,0,0,0.22222222222222224,65.77777777777779,111.55555555555557,139.66666666666669,181.33333333333334,207.44444444444443,267.6666666666667,299.77777777777777,348.33333333333337,419,342.832275,301.50454285714284,407.0089830320506,361.97255311629453,341.92022231722956,288.3804678411169,265.4703308750249,229.4424695046054,177.76648989061982,50.241763463569164,119.57679763739085,128.29867662029181,118.84486318723081,129.7921002627855,172.2128145843843,167.93353143186164,192.8382314080785,354.8675533698447,319.87620000000004,410.8251996450755,424.55555555555554,424.55555555555554,430.33333333333337,439.44444444444446,470.6666666666667,476.6666666666667,425.6666666666667,297.02857142857147,283.5997668139421,254.83663333333328,258.94932000000006,244.61935,199.45146666666668,179.3448,173.8784,403.08988764044943,403.08988764044943,403.08988764044943,403.08988764044943,403.08988764044943
handler write,1195,1191.111111111111,1130.111111111111,1453,1623.5555555555557,1692.4444444444446,1840.8888888888891,1910,2190.4444444444443,2338.1111111111113,2570,2716.3333333333335,2257.5629249999997,1979.1067428571428,2585.0060995896642,2347.3837678267014,2120.3523329058003,1818.1254674256277,1587.343458906385,1289.3335200398308,1160.2575406032483,507.5146251319958,782.4370826913199,909.9539701391244,1062.058063085888,1291.4058479886799,1387.6733801356427,1540.9877902074893,1694.958907449352,2083.4916731865433,1783.67625,2106.03371783496,2119,2174.3333333333335,2040,2167.777777777778,2179.4444444444443,2109,2082.777777777778,1576.9142857142858,1505.621232204222,1335.6573999999998,1117.0914,1030.35935,797.2022,643.1766,641.501,2578.4510433386836,2578.4510433386836,2578.4510433386836,2578.4510433386836,2578.4510433386836
handler total commit,0,0,2,147.88888888888889,277.22222222222223,374.6666666666667,485.11111111111114,582.4444444444445,743,852.3333333333334,975,1088.3333333333335,914.14755,796.825657142857,1039.2591771099035,920.2561691821545,838.1514992161892,693.5790759514709,604.0670785994287,508.0511824744834,451.3481935697713,155.09413938753957,274.5333590138674,283.2530143648909,303.0409266531543,328.0571983020012,362.7670940530239,390.60716547739,411.95125833647916,621.3255839946352,530.2529999999999,656.2777284826974,655.5555555555555,652.4444444444445,649.4444444444445,645.6666666666667,648.6666666666667,645.8888888888889,633.4444444444445,426.17142857142863,406.9040132547865,378.1162,352.94916,328.97085,302.0748,283.3071,313.85699999999997,1018.8603531300159,1018.8603531300159,1018.8603531300159,1018.8603531300159,1018.8603531300159
handler total prepare,0,0,0,0,0,0,0,0,0,0,0,0,0,0,0,0,0,0,0,0,0,0,0,0,0,0,0,0,0,0,0,0,0,0,0,0,0,0,0,0,0,0,0,0,0,0,0,0,0,0,0,0
handler total rollback,0,0,0,0,0.22222222222222224,0.4444444444444445,0.6666666666666667,0.888888888888889,1.5555555555555558,2,2.2222222222222223,3.555555555555556,3.4488,3.266571428571428,5.101474991682378,4.833624381522598,4.693022659256092,4.122993185973077,3.811148760879676,3.841112770724421,2.7727875372886976,0,0,0,0,0,0,0,0,23.69509332737231,22.848300000000002,25.621118012422365,27.555555555555554,28.77777777777778,30.22222222222222,31.333333333333336,33,34.77777777777778,31,29.714285714285715,28.37088856161021,26.8191,26.086080000000003,25.30545,25.23326666666667,25.4334,28.8716,8.828250401284109,8.828250401284109,8.828250401284109,8.828250401284109,8.828250401284109
handler total savepoint,0,0,0,0,0,0,0,0,0,0,0,0,0,0,0,0,0,0,0,0,0,0,0,0,0,0,0,0,0,0,0,0,0,0,0,0,0,0,0,0,0,0,0,0,0,0,0,0,0,0,0,0
handler total savepoint_rollback,0,0,0,0,0,0,0,0,0,0,0,0,0,0,0,0,0,0,0,0,0,0,0,0,0,0,0,0,0,0,0,0,0,0,0,0,0,0,0,0,0,0,0,0,0,0,0,0,0,0,0,0
cpu System,99.47222222221828,99.47222222222081,99.24999999999878,98.91666666666575,98.66666666666283,98.5000000000001,98.19444444444294,97.97222222222344,97.6388888888904,97.33333333333576,96.94444444444596,96.83333333333495,96.86111111111082,96.91666666666505,96.91666666666757,97.21160312500318,97.48162857143086,97.77921666666869,97.00099966677543,97.11111111111121,97.16666666666546,97.19444444444636,97.22222222222476,97.1874999999983,97.9925604267423,97.6364840884223,97.60833333333684,96.86006446593531,97.07398124999875,97.33077500000043,96.80626527438196,96.75081229692304,96.65624999999523,96.65624999999523,96.77885149394434,96.96558617735126,96.99999999999768,97.5809525936024,97.1063160903166,97.11111111111121,97.17857142857156,97.16603689709208,97.21770663998898,97.2768700678016,97.32142857143182,97.30615418796258,97.19444444444385,97.21348956845229,97.13825294509962,97.39692604166447,97.38953229166447,97.11111111111373,97.16666666666798,97.42549699924825,97.41762003000593,97.7707571428565,98.40625000000216,97.36199044762908,97.38888888889001,97.46428571428558,97.38946900688848,97.30555555555233,97.30555555555485,98.19865891279069,97.83824764184389,97.65042270315932,97.3880182282969,97.38888888888746,97.72513479932115,97.58279617692598,97.6388888888904,97.83333333333404,97.08333333333283,97.16666666667051,97.1388888888896,97.2500000000006,97.27777777777646,97.33333333333323,97.33333333333323,97.30555555555738,97.277777777779,98.22556562500225,97.25061097533943,97.16666666666292,97.30306026785766,97.51326904762,96.86250555308973,96.65792103948117,96.66740724283544,96.33333333333414,96.99924981245016,96.97154923316252,96.96875000000205,97.54381646655189,96.99828473413326,97.53481132075429,98.0624999999975,98.09653611444332,97.0571904497465,97.11111111111121,97.15624999999761,97.12499999999977,97.12499999999977,98.29337837838136,98.1001808798996,97.83746194745584,97.46780042515817,97.46780042515817,97.44501221950658,97.53641816623639,97.41724061319626,97.31249999999818,97.31249999999818,97.69330000000141,96.90702324419249,96.97154923316505,96.93673418354724,96.88819737719776,96.99641316579614,96.63814180929086,96.75000000000232
cpu User,0.7777777777795968,0.777777777774544,1.6666666666676773,2.8333333333345463,3.83333333333111,4.666666666667475,5.527777777772118,6.472222222227073,7.47222222222869,8.416666666663433,9.2499999999998,9.41666666666505,9.277777777778182,9.249999999994746,9.333333333329898,8.506018750006351,7.55511428571262,6.574687499994686,9.885593690990477,10.027777777779395,10.027777777774341,10.194444444449699,10.194444444454753,10.343750000004093,7.498377229540836,8.76230289171277,8.866666666663908,10.892519728793635,10.155006249992066,9.180960714288702,10.969784492332007,11.122219445137121,11.343749999997499,11.343749999997499,10.940797511936827,10.923889761528955,10.638888888898792,8.571192662186156,10.252929408398762,10.277777777774746,9.74999999999844,9.891086908200409,9.81618106790433,9.86439924419554,9.928571428560776,9.803377027329079,10.083333333341216,10.002857959427374,10.03000666814504,9.010640624998958,9.036234374998955,9.555555555562023,9.333333333340004,8.438648724678048,8.464467679416723,7.421032142853728,5.375000000009322,9.08030656448477,9.111111111117983,9.285714285715585,9.386802932679403,9.472222222221818,9.33333333333495,6.851002167749684,8.128188866661542,9.964472391428586,13.087695898635507,15.249999999999398,16.935107605028097,17.55945765725636,17.388888888884445,17.16666666665737,18.61111111110808,18.749999999994948,18.94444444444869,18.8333333333301,18.8333333333301,18.666666666664845,18.972222222222022,18.88888888889192,19.02777777777879,16.392393749999183,18.19040213285229,17.444444444446265,14.563474553574318,11.479444047622414,11.133940470902429,11.275612193904866,11.330815374366102,11.805555555560607,10.5651412853302,10.474549899989094,10.218750000001364,8.187278444834122,10.005717552897764,8.217295597492818,6.437500000004091,6.3244122649099825,10.29983342587209,10.083333333336162,10.124999999999318,10.374999999993406,10.374999999993406,6.099592092093013,6.996159299415303,7.963632193493581,9.409778667000808,9.409778667000808,9.414574538984667,8.854612967715454,9.136858475891618,9.499999999997044,9.499999999997044,7.938642857141767,10.059985003747018,10.030006668145042,10.34633658415013,10.224494332079658,9.554266691673334,10.669037563893385,10.72222222222384
cpu Iowait,0.027777777778384107,0.027777777778384107,0.05555555555550503,0.16666666666651508,0.24999999999914102,0.3055555555546461,0.3333333333330302,0.44444444444404024,0.49999999999954525,0.5555555555556818,0.5833333333335923,0.5833333333335923,0.4999999999997032,0.44444444444546133,0.41666666666707725,0.3943187499998015,0.28617857142847386,0.23376666666662013,0.36099078085065694,0.3611111111101511,0.3333333333330302,0.3333333333330302,0.4166666666662877,0.43750000000031264,0.324732872144391,0.37470374208025353,0.37916666666698506,0.50016672224045,0.4876697916670385,0.4693142857140256,0.4998889135757273,0.4373906523374058,0.4062500000005187,0.4062500000005187,0.4165278240585839,0.3569898614886236,0.38888888888932466,0.32851261074579835,0.392969419834084,0.41666666666581403,0.42857142857124186,0.41675927983974326,0.4064024008992573,0.3890185617424493,0.35714285714253236,0.3888024883362031,0.44444444444467185,0.4286939125476765,0.4167592798408489,0.3718677083336455,0.3729239583336464,0.4166666666675509,0.4166666666662877,0.3718726556629273,0.3730104401090358,0.32265357142761103,0.24999999999906208,0.38875930245375234,0.3888888888891668,0.35714285714253236,0.36103088202525657,0.3888888888891668,0.4166666666669193,0.2953018175751858,0.3458803773055552,0.45293056324732456,0.5001667222410817,0.5277777777774557,0.505525600150376,0.5278950877982296,0.4999999999997032,0.4166666666664456,0.47222222222321386,0.44444444444356657,0.44444444444404024,0.44444444444404024,0.44444444444404024,0.4166666666662877,0.4166666666662877,0.4166666666662877,0.44444444444467185,0.366153124999667,0.4165740946458869,0.3333333333342934,0.28388839285817563,0.2313238095249141,0.33318525099988405,0.34357821089424023,0.4165740946460448,0.4444444444441981,0.43760940235107804,0.4445432318296808,0.4687499999997513,0.4386042024011395,0.53602058319011,0.4402122641507099,0.31249999999971567,0.3070103041213694,0.4997223764577003,0.5277777777779294,0.5312500000002274,0.5312500000002274,0.5312500000002274,0.2844369369366782,0.33171444954098267,0.37758600917396856,0.5001875703394885,0.5001875703394885,0.5276605198836745,0.49985718366176224,0.47211730726557005,0.5624999999998437,0.5624999999998437,0.47931428571419027,0.4998750312417349,0.5001111358075024,0.43760940235161117,0.47232718381946026,0.45768942235582305,0.5001111358075025,0.5000000000001769
cpu Total,95.33333333286768,95.33333333286768,94.11111111144743,92.74999999971543,91.22222222245506,89.944444444134,88.66666666710645,87.08333333359204,85.58333333348855,84.08333333403182,82.49999999987065,81.97222222160134,82.19444444467729,82.38888888930282,82.16666666622687,73.96293124937044,65.7352178570629,57.47737916644896,81.55614795099343,81.61111111144741,81.80555555607297,81.63888888860431,81.66666666640798,81.56250000029104,57.65484538960628,65.34256794422934,66.12083333175785,80.63799044066299,73.81025729161324,65.85066071414913,80.42657187281367,80.16745813520426,79.93750000023283,79.93750000023283,80.55648117426128,80.89390261369773,81.36111111121458,68.45008216680608,81.88053729693598,82.11111111126634,82.82142857206054,82.68504112027482,82.71851944394749,82.88874069090161,82.85714285697657,83.00933125943556,82.22222222118742,82.02343526625434,82.04601022521885,75.03146145894607,75.24458020894781,82.44444444491012,82.33333333369552,75.17548762265142,75.40549512452917,68.10923571556965,52.03124999970896,83.22225924554704,83.38888888894064,83.21428571445202,83.37036214179801,83.2499999999224,83.49999999886172,58.912712606853205,66.72608945607827,74.05414709195428,79.47093475564161,77.36111111072306,66.02726033073382,74.93331851514797,75.55555555477945,75.97222222312767,73.55555555615058,73.41666666648558,73.1944444440564,73.69444444581556,73.6666666667184,73.9166666663045,73.66666666607166,73.63888888956151,73.55555555485707,67.99181874905568,74.31681848416041,74.91666666658907,69.1268236603177,63.00682261915534,80.46423811634101,79.99125437313359,79.92668295941995,78.61111111188723,80.52013003399279,80.60124472107499,80.84374999962165,66.63859848495741,81.43939393952706,66.882916666776,50.374999999621636,49.490061024038056,81.39922265426203,81.80555555413271,81.87499999985448,84.18750000055297,84.18750000055297,52.336396396573,59.799068493399254,68.06845965253555,83.06239839887571,83.06239839887571,83.09264607973549,80.69123107716771,80.98200399823192,82.59374999906868,82.59374999906868,69.38074285758925,81.82329417628131,82.15714603327969,81.27031757866706,81.37919537556012,73.94544729959122,80.54567681769149,80.91666666635624
network receive eth0,781055.1111111111,781115.5555555556,1010596.4444444444,1614794.6666666667,2147583.111111111,2561606.2222222225,3078020.4444444445,3670256.888888889,4231283.555555556,4752896,5214482.666666667,5465097.777777778,5334855.111111111,5275689.777777778,5331800.888888889,4746270.1351,4129010.985942858,3540825.362266667,4985205.820282128,4991296.888888889,4987102.222222222,4983732.444444445,4971884.444444445,4973588,3528768.9155925987,4016612.897479872,4064452.9333333336,4982905.412915416,4579387.790633333,4094662.016457143,4987755.609864474,5000729.817545613,4979020,4979020,4983684.549594579,4980019.991432243,4991293.333333334,4169604.3817376397,4987714.204058303,4988624.888888889,4996562.285714285,4994796.176928206,4983522.821057897,4985340.891408248,4972364.571428572,4975543.212619418,4984137.777777778,4981943.412403544,4989191.375861303,4558710.904066666,4571659.429266667,4993503.111111111,4979834.666666667,4563985.551087772,4577949.556489122,4091804.831085714,3105706,4988793.957569699,4989899.555555556,4986912,4984455.009997778,4996511.111111111,4990044.444444445,3524118.661424046,4010632.395169358,4330103.1473088125,4615286.873402245,4373256,3639853.5219179792,3893157.590575684,3618983.111111111,3404489.7777777775,3921561.7777777775,3925961.7777777775,4018667.555555556,3989394.666666667,4024981.3333333335,4032736,4099165.3333333335,4112472.888888889,3979045.3333333335,2947792.6813000003,3983846.2563874694,4061351.111111111,3807811.8195857145,3523721.3545523807,4717880.05330964,4904036.981509246,5159037.547211731,5508082.666666667,4990088.522130532,4989959.546565903,4990157,4065289.7181475125,4968212.692967409,4080194.3562264144,3116560.9999999995,3061812.2893557423,4987768.573014991,4981734.222222222,4980835,5122941,5122941,3140494.262502503,3594351.6266055047,4091401.167889909,4989684.131549331,4989684.131549331,4972620.306598533,4813403.02770637,4857968.451455232,4977954,4977954,4178178.794057143,4961483.629092727,4958589.019782173,4986492.623155789,4973001.111358079,4547408.955588898,4972533.451878196,4975455.111111111
network receive lo,1533960,1533999.1111111112,1534641.7777777778,1535632,1536575.1111111112,1539350.2222222222,1540341.3333333335,1541061.3333333335,1542647.1111111112,1544365.3333333335,1549550.2222222222,1551514.6666666667,1553630.2222222222,1557960.888888889,1563651.5555555555,1411641.2963999999,1257953.0859428572,1103487.1344,1582544.4851716093,1588378.6666666667,1592752.888888889,1596936.888888889,1603264,1602435,1147220.0694249044,1308823.338240198,1324412.1333333333,1646965.8775147272,1513413.0887333332,1360168.5401142857,1644045.3232614973,1644733.8165458632,1643265,1643265,1632943.6854381873,1604418.677709553,1601862.2222222222,1340997.5559588454,1604112.0320091455,1601279.1111111112,1596355.4285714286,1595438.9864414313,1594046.767537827,1600050.683561187,1602091.4285714286,1599317.4850033324,1598093.3333333335,1600014.8613889683,1599716.3814180929,1473549.0217,1477734.4782999998,1621759.1111111112,1614271.1111111112,1475238.2768192047,1479751.9272318077,1324844.1924571428,1011800,1617158.724869488,1618754.6666666667,1609616,1618500.7776049764,1627377.7777777778,1640976,1174833.4758712691,1344460.0852746414,1530678.8384930063,1725920.1956207626,1784309.3333333335,1702771.9894973743,1972169.815514559,2096985.777777778,2242856,2304019.5555555555,2350563.5555555555,2380367.111111111,2411427.5555555555,2440088,2463057.777777778,2486759.111111111,2507159.111111111,2515351.111111111,2303447.0022,2546458.120417685,2529206.2222222225,2324842.4463,2083038.5194285712,2335638.3829409154,2277440.2798600704,1898693.6236391913,1967039.1111111112,1862995.7489372343,1852307.623916426,1837799,1463384.792338479,1788410.5202973124,1468750.023899371,1335011.9999999998,1311559.8084033611,1725193.5591338142,1710211.5555555555,1703135,1669665,1669665,1011773.2831231232,1158712.5880567138,1318946.6497748124,1600001.000375141,1600001.000375141,1602057.3205954232,1606964.8671808054,1614071.5396578538,1625201,1625201,1365934.5133714285,1633601.5996001002,1452776.1724827741,1438959.7399349837,1478247.610580129,1346848.1554388595,1489617.248277395,1481666.6666666667
network transmit eth0,749400.8888888889,749436.4444444445,980580.4444444444,1585554.6666666667,2121997.3333333335,2536015.111111111,3052406.2222222225,3647110.2222222225,4209552.888888889,4780674.666666667,5294631.111111111,5599239.111111111,5515227.555555556,5555799.111111111,5701191.111111111,5133902.1404,4522742.3328,3943831.615066667,5742473.397756303,5817048.888888889,5901946.666666667,5988807.111111111,6013296,6047381,4393652.291981997,5006104.713829736,5065730.133333334,6267401.133711237,5783362.577733332,5175366.101600001,6204337.702732725,6214831.292176955,6145157,6145157,6103700.544263023,5995195.202056261,5983624.888888889,4994283.326293227,5974201.771934839,5977182.222222222,5961566.857142857,6024719.2709491,5993923.721395524,5977135.489607647,5986859.428571428,6033269.9400133295,6059978.666666667,6080684.767076308,6108610.802400534,5571369.147633333,5587194.019033333,6076824.888888889,6061771.555555556,5505551.553788447,5522396.381795448,4929616.246285714,3700354,5988828.612684661,5980187.555555556,6013704,6018811.819595644,6004938.666666667,6020706.666666667,4168911.3613073207,4677475.005049783,4991221.432229943,5250471.04590419,4873302.222222222,3904857.680570143,4153967.5483440766,3811567.111111111,3469871.111111111,3999368,4022685.3333333335,4137546.666666667,4119331.555555556,4145288.888888889,4152503.111111111,4218954.666666667,4232711.111111111,4106891.555555556,3016501.4842,4149892.023994668,4272144.888888889,4026003.4419,3757728.520266667,5347422.478898268,5613732.133933035,5952279.0491002,6362640.888888889,5920959.239809953,5942229.828850856,5979159,4877441.5405831905,5960747.855917667,4895323.784150943,3803783.999999999,3736962.8244897956,6156091.060521932,6112353.777777778,6112354,6132721,6132721,3670018.2456056057,4207142.807172644,4788932.965638032,5830389.39602351,5830389.39602351,5917381.026438569,5788019.423021994,5837622.750499888,6018945,6018945,5069278.693028571,6207519.120219945,6145434.985552345,6095941.985496374,6057450.989108691,5512552.371192798,6016993.109579907,5976655.111111111
network transmit lo,1533960,1533999.1111111112,1534641.7777777778,1535632,1536575.1111111112,1539350.2222222222,1540341.3333333335,1541061.3333333335,1542647.1111111112,1544365.3333333335,1549550.2222222222,1551514.6666666667,1553630.2222222222,1557960.888888889,1563651.5555555555,1411641.2963999999,1257953.0859428572,1103487.1344,1582544.4851716093,1588378.6666666667,1592752.888888889,1596936.888888889,1603264,1602435,1147220.0694249044,1308823.338240198,1324412.1333333333,1646965.8775147272,1513413.0887333332,1360168.5401142857,1644045.3232614973,1644733.8165458632,1643265,1643265,1632943.6854381873,1604418.677709553,1601862.2222222222,1340997.5559588454,1604112.0320091455,1601279.1111111112,1596355.4285714286,1595438.9864414313,1594046.767537827,1600050.683561187,1602091.4285714286,1599317.4850033324,1598093.3333333335,1600014.8613889683,1599716.3814180929,1473549.0217,1477734.4782999998,1621759.1111111112,1614271.1111111112,1475238.2768192047,1479751.9272318077,1324844.1924571428,1011800,1617158.724869488,1618754.6666666667,1609616,1618500.7776049764,1627377.7777777778,1640976,1174833.4758712691,1344460.0852746414,1530678.8384930063,1725920.1956207626,1784309.3333333335,1702771.9894973743,1972169.815514559,2096985.777777778,2242856,2304019.5555555555,2350563.5555555555,2380367.111111111,2411427.5555555555,2440088,2463057.777777778,2486759.111111111,2507159.111111111,2515351.111111111,2303447.0022,2546458.120417685,2529206.2222222225,2324842.4463,2083038.5194285712,2335638.3829409154,2277440.2798600704,1898693.6236391913,1967039.1111111112,1862995.7489372343,1852307.623916426,1837799,1463384.792338479,1788410.5202973124,1468750.023899371,1335011.9999999998,1311559.8084033611,1725193.5591338142,1710211.5555555555,1703135,1669665,1669665,1011773.2831231232,1158712.5880567138,1318946.6497748124,1600001.000375141,1600001.000375141,1602057.3205954232,1606964.8671808054,1614071.5396578538,1625201,1625201,1365934.5133714285,1633601.5996001002,1452776.1724827741,1438959.7399349837,1478247.610580129,1346848.1554388595,1489617.248277395,1481666.6666666667
Reads completed vda,0,0,0.5555555555555556,0.6666666666666667,1.1111111111111112,1.3333333333333335,1.4444444444444444,1.4444444444444444,1.6666666666666667,1.777777777777778,2.2222222222222223,1.6666666666666667,1.777777777777778,1.6666666666666667,1.6666666666666667,1.577275,1.6026,1.4026,1.6661112962345885,1.4444444444444444,1.5555555555555558,1.6666666666666667,1.777777777777778,1.75,1.2989314885814305,1.2682280501167167,1.2833333333333334,1.5560742469712125,1.37695,1.2906142857142857,2.332814930015552,2.124468882779305,2.375,2.375,2.776852160390981,3.1415107810938165,2.888888888888889,1.5529687053443841,1.8576736210345814,1.8888888888888888,2,2.1115803511891533,2.0007502813555087,2.1118150494609313,2.1428571428571432,2.6660742057320594,2.666666666666667,2.857959416976279,2.444987775061125,2.0595749999999997,2.065425,1.777777777777778,1.4444444444444444,0.5721117779444861,0.5738622155538884,0.5866428571428571,0.375,1.2218149505720315,1.2222222222222223,1.4285714285714286,1.4441235281048654,1.4444444444444444,1.6666666666666667,1.1812072703018177,1.4988149683197558,1.5852569713642617,1.5560742469712125,1.5555555555555558,1.235729244811203,1.3336296954878861,1.5555555555555558,1.2222222222222223,1.3333333333333335,1,1,1.2222222222222223,1.1111111111111112,1.2222222222222223,1.1111111111111112,1,1,0.5633125,0.9997778271495223,0.888888888888889,0.6813321428571428,0.6939714285714287,1.2216792536650378,1.374312843578211,1.5552099533437012,1.5555555555555558,1.3753438359589896,1.3336296954878861,1.5,0.7017667238421955,0.8576329331046312,0.7043396226415094,0.24999999999999994,0.24560824329731892,1.4436424208772902,1.3333333333333335,1.375,2.125,2.125,1.1377477477477478,1.085610925771476,1.2357360300250209,1.1254220332624736,1.1254220332624736,1.6662963785825373,1.2853470437017995,1.2219506776271938,1.5,1.5,1.437942857142857,3.2491877030742318,3.111802622805068,2.750687671917979,2.6672593909757722,2.9749812453113273,3.3340742387197153,3.1111111111111116
Writes completed vda,8.88888888888889,8.333333333333334,20.11111111111111,49.777777777777786,77.33333333333334,101.66666666666667,123.66666666666667,168.11111111111111,188.88888888888889,206.55555555555557,224.22222222222223,235.8888888888889,227,221.11111111111114,217,197.3847,154.42195714285714,135.46778333333333,182.49472398089523,186.11111111111111,176.66666666666669,178.22222222222223,196.44444444444446,197.875,161.42175862643776,180.08838311657377,182.23333333333335,215.51628320551293,200.23147916666665,183.9712,220.1732948233726,202.44938765308672,201.875,201.875,207.70854159724536,213.194345280594,193,154.9384931408974,185.3386681909117,190.33333333333334,184,197.48833074016449,190.94660497686635,184.50594642658663,202.28571428571428,199.28904687847142,205.8888888888889,205.34438410974562,194.48766392531675,169.80051666666665,170.28281666666663,185.22222222222223,188.22222222222223,175.18062640660165,175.71661040260062,151.82317142857144,122.625,182.0504276352327,172.44444444444446,167,167.5183292601644,182.33333333333334,179.11111111111111,140.20930298482577,191.50243556762422,240.61936172493256,256.1965099477604,249,228.83458833458366,232.16270282284955,207.44444444444443,188.66666666666669,204.33333333333334,163.33333333333334,154.11111111111111,153.11111111111111,151.88888888888889,141.44444444444446,143.44444444444446,146,146.11111111111111,106.0154125,148.52255054432345,128,111.39780535714286,106.40895238095239,137.05019991115063,145.4272863568216,164.407909353477,191.55555555555557,175.54388597149287,183.1518115136697,181.5,171.9328473413379,210.12006861063463,172.5632075471698,132.49999999999997,130.17236894757903,190.67184897279287,191.77777777777777,185.25,187,187,117.82010010010012,136.30448290241867,155.15352376980817,185.4445417031387,185.4445417031387,189.29126860697622,188.08911739502997,188.2914907798267,190.375,190.375,158.77285714285713,194.32641839540116,191.70926872638364,182.04551137784446,188.48633029562126,178.84214178544636,193.9319848855301,194.11111111111111
Read time vda,NaN,NaN,0.0004000000000814907,0.00033333333340124227,0.0004000000000814907,0.0004166666670547177,0.0003846153849735856,0.0003846153849735856,0.0004000000000814907,0.00037500000007639755,0.0004000000000814907,0.0004000000000814907,0.00043749999986175675,0.0004000000000814907,0.0003999999995964269,0.0004285714281390288,0.00042857142813902883,0.000416666666448388,0.0004666666665192072,0.0004615384616324893,0.00042857142865874,0.0004000000000814907,0.00043749999986175675,0.00042857142865874006,0.00036363636371044606,0.00036363636371044606,0.00036363636371044606,0.0004285714286587401,0.0004166666664483879,0.0004545454543073323,0.000428571428485503,0.0004117647057522417,0.0004736842104313454,0.0004736842104313454,0.0004000000000814907,0.0003636363637104461,0.0003846153846937411,0.00038461538497358555,0.00038461538497358555,0.00041176470618023924,0.00035714285747547237,0.00036842105289810876,0.00043749999986175675,0.0004210526316647271,0.0004000000000814907,0.00041666666675155284,0.00041666666675155284,0.00040000000008149066,0.0004090909090088892,0.0003888888887660061,0.000388888888766006,0.00037500000007639755,0.0003846153844138966,0.00040000000008149066,0.0004000000000814907,0.00040000000008149077,0.00033333333461390186,0.0004545454543073323,0.0004545454543073323,0.0004999999997380655,0.0004615384616324894,0.0004615384616324893,0.00046666666651920725,0.00040000000008149077,0.0003846153849735856,0.00042857142865874006,0.0004285714286587401,0.00042857142865874,0.00045454545430733225,0.0005000000001018634,0.00042857142865874,0.0003636363637104461,0.0004166666670547177,0.0004444444445349897,0.0004444444445349897,0.00045454545496878296,0.0005000000004656613,0.00045454545496878296,0.0004000000000814907,0.0004444444445349897,0.0004444444445349897,0.0004000000000814907,0.0004444444445349897,0.0003750000005311449,0.00033333333340124227,0.00033333333340124227,0.00045454545430733225,0.0004545454543073323,0.0004285714281390289,0.0004285714281390288,0.00045454545430733236,0.000416666666448388,0.00041666666644838796,0.00033333333340124227,0.0003333333334012422,0.00033333333340124227,0.0005000000019208528,0.0005000000019208528,0.0004615384616324893,0.00041666666644838796,0.0004545454543073323,0.0004705882353899891,0.0004705882353899891,0.00044444444453498966,0.0004444444445349897,0.00044444444453498977,0.00044444444453498966,0.00044444444453498966,0.0004000000000814907,0.0003333333329970224,0.0003636363637104462,0.00033333333340124227,0.00033333333340124227,0.00033333333340124227,0.00038461538469374104,0.00039285714280725055,0.0004090909090088893,0.0004583333332751257,0.00046153846135264483,0.0004666666665192073,0.0004642857142503739
Write time vda,0.0013499999999112332,0.0013066666666418315,0.0010607734806378996,0.001066964285720522,0.001081896551719789,0.0010524590163971323,0.0010215633423202558,0.0010389953734303479,0.001138823529412655,0.001116729424422233,0.0010822596630368593,0.0010480452190324168,0.0010230053842371551,0.0009914572864312247,0.0009774705581155408,0.0009897260273953996,0.0009614529280884993,0.0008041415012948219,0.0007614120511283274,0.0007695522388085417,0.0007396226415045283,0.0007206982543657591,0.00073755656108808,0.0007308907138386097,0.0008054133138223194,0.0007983354673421735,0.0007983354673421735,0.0007818463125264094,0.0007839541547207221,0.0008035714285680875,0.0008218970736633777,0.0008154320987631324,0.0007634674922646753,0.0007634674922646753,0.0007524064171157857,0.0007622237106539093,0.0007334484743839318,0.0006854279105594266,0.0006854279105594264,0.0006906012842992061,0.0006731366459614675,0.0007062464828306723,0.0007013752455771281,0.0007036144578344111,0.000728813559326638,0.0007023411371208256,0.0007193739881266699,0.0007230340988098508,0.0007074285714271743,0.0006907008086312205,0.0006907008086312205,0.0006694661067840914,0.0006499409681199,0.000777269758329411,0.000777269758329411,0.0007727975270479133,0.000816513761459939,0.0007443563148268237,0.0007177835051555393,0.0007587681779319459,0.000730769230768536,0.0007702620353416066,0.0006550868486423131,0.0006781802864305098,0.00099397953040218,0.0009251764705883997,0.0009071583514101297,0.0009196787148536197,0.0009464899361806006,0.0009387266634732851,0.000942153186933836,0.0009776207302643937,0.0008874388254474106,0.0005653061224428817,0.0005904830569492367,0.00058272859216247,0.0005859546452134251,0.0005844461900954451,0.0005848179705690601,0.0005913242009146595,0.000591634980992931,0.0006780021254051928,0.0006103216155618326,0.0005164930555565661,0.0004954128440263729,0.00048804347825353033,0.0005940032414971236,0.0005919243986241294,0.0006006756756726866,0.0006055684454723968,0.0006716524216519241,0.0006529126213597885,0.00068457300275899,0.0006047619047588955,0.0006047619047588953,0.0006047619047588954,0.0005896226415094339,0.0005896226415094339,0.0005736750145606186,0.0005660486674385587,0.0005695006747620259,0.0005882352941207598,0.0005882352941207598,0.0006019313304737268,0.0006017699115111213,0.0006017699115111212,0.00060890087660533,0.00060890087660533,0.0006320422535239278,0.0006355353075167307,0.0006200589970455458,0.0006191726854887074,0.0006191726854887074,0.0006218867924477342,0.0006257234726676124,0.000731594202899968,0.0007321428571371004,0.0007205188679211647,0.0007492002559194469,0.0007312320916894103,0.0007269605037229964
IO time vda,0.004888888888874337,0.0044444444444404025,0.008111111111045628,0.02055555555560002,0.030444444444482445,0.04011111111109737,0.05055555555554747,0.06388888888886868,0.07333333333331717,0.08044444444446223,0.08944444444447679,0.0951111111111863,0.09011111111107716,0.08944444444437573,0.08866666666674267,0.07897641250000245,0.06605001428574012,0.057155950000056986,0.08230589803398705,0.08322222222219959,0.0845555555555014,0.08777777777777374,0.08833333333334142,0.08887499999991633,0.06860719953327102,0.07563250917059104,0.07653333333332739,0.09414249194173087,0.08663310416667919,0.07591158571427803,0.09220173294822563,0.0922269432642194,0.09050000000002001,0.09050000000002001,0.09496834388542406,0.09481650721129078,0.09066666666664484,0.073586824807086,0.08802515004286732,0.08777777777777374,0.08771428571422543,0.08879751055789933,0.08553207452785883,0.08336112037345782,0.08542857142869512,0.0878693623639377,0.08655555555560568,0.08645327236360002,0.08724160924648305,0.0778061666665959,0.07802716666659569,0.08944444444447679,0.09211111111108039,0.0828417854463799,0.08309524881222141,0.07673288571423194,0.05925000000002001,0.09041430634236428,0.09033333333334466,0.08528571428567895,0.08475894245722283,0.08488888888890264,0.08477777777776889,0.061304657328691836,0.07032901005188927,0.08198043194771279,0.08669556518836782,0.08277777777776565,0.06998721086527271,0.0713491887085825,0.06444444444443637,0.055666666666689305,0.07233333333331556,0.07144444444444768,0.07122222222218019,0.0693333333333107,0.06844444444444284,0.0665555555554723,0.06655555555557334,0.0662222222221721,0.06666666666670709,0.039882525000030325,0.06654076871808043,0.07055555555557981,0.0676789928571949,0.06477066666671295,0.0910706352732806,0.10007496251878882,0.10842035103316679,0.11899999999999031,0.10490122530631932,0.10735719048681365,0.10225000000002638,0.08596642367063065,0.10506003430527051,0.08628160377354646,0.06674999999995633,0.06557740096034126,0.10327595780115287,0.10377777777779962,0.10087499999997362,0.10162500000001273,0.10162500000001273,0.06194404404413143,0.07092658048381456,0.08073475396172361,0.093660122546043,0.093660122546043,0.09253499222390901,0.08897457869174416,0.09109086869581304,0.09249999999997272,0.09249999999997272,0.07692994285712193,0.09535116220943765,0.09579906645912098,0.09327331832959422,0.09413202933992688,0.08902059264819034,0.09791064681043708,0.09911111111109171
mem_Used%,36.58189156906031,36.5797640021762,36.89697409332724,36.93172435243449,36.966069360706676,36.977467040443024,37.231812595803824,37.26904501627588,37.299489485260516,37.351462904858245,37.38677038386372,37.42405346069017,37.45505514957301,37.501456370188535,37.51336061346871,37.45920897063249,37.47187305922842,37.47430456423885,37.44801391631367,37.45378874071342,37.4990755215325,37.50196293373237,37.5277470181137,37.54694577642515,37.55135287925653,37.54152554650608,37.76086756098772,37.77591249823969,37.773075742394205,37.80797797056461,37.803570867733214,37.80752206337515,37.785587861926984,37.61447069681868,37.48585421303834,37.44299893722969,37.43616032938788,37.42689021653566,37.42233114464112,37.55555735667038,37.562345308157795,37.5763771183221,37.56938654141714,37.571210170174965,37.56178808825958,37.63032613574079,37.64304088069112,37.80210183345609,37.734475600353775,37.7144663403722,37.7702896429031,37.81040947557502,37.86445980570249,37.81537379830463,37.818666461339575,37.78705689620412,37.79855588864923,37.82889904492509,37.86030598464302,37.87950474295446,37.914812221959934,37.92696974701204,37.878744897638704,37.822009780728905,37.99125266072502,37.81577904913971,37.81223310433284,37.8095483175505,37.804583994820895,37.80316561689815,37.772721147913515,37.75747358524401,37.75524470565112,37.75342107689331,37.75271188793193,37.85245424971354,37.86091386089563,37.869424128432094,37.8678537814462,37.87742783242473,37.87606011085637,37.81284098058545,37.723179233326206,37.673282724258215,37.63549308388794,37.62931300865312
descriptor_used /dev/vda1,0.9953921580894403,0.9953921580894403,0.9953921326579545,0.9953921326579545,0.9953921326579545,0.9953921326579545,0.9953921326579545,0.9953921326579545,0.9953921326579545,0.9953921326579545,0.9953921326579545,0.9953921326579545,0.9953921326579545,0.9953921326579545,0.9953921326579545,0.9953921326579545,0.9953921326579545,0.9953921326579545,0.9953921326579545,0.9953921326579545,0.9953921326579545,0.9953921326579545,0.9953921326579545,0.9953921326579545,0.9953921326579545,0.9953921326579545,0.9953921326579545,0.9953921326579545,0.9953921326579545,0.9953921326579545,0.9953921326579545,0.9953921326579545,0.9953921326579545,0.9953921326579545,0.9953921326579545,0.9953921326579545,0.9953921326579545,0.9953921326579545,0.9953921326579545,0.9953921326579545,0.9953921326579545,0.9953921326579545,0.9953921326579545,0.9953921326579545,0.9953921199422116,0.9953921199422116,0.9953921199422116,0.9953921199422116,0.9953921199422116,0.9953921199422116,0.9953921326579545,0.9953921326579545,0.9953921326579545,0.9953921199422116,0.9953921199422116,0.9953921199422116,0.9953921199422116,0.9953921199422116,0.9953921326579545,0.9953921326579545,0.9953921326579545,0.9953921326579545,0.9953921326579545,0.9953921326579545,0.9953921326579545,0.9953921326579545,0.9953921326579545,0.9953921326579545,0.9953921326579545,0.9953921326579545,0.9953921326579545,0.9953921326579545,0.9953921326579545,0.9953921326579545,0.9953921326579545,0.9953921326579545,0.9953921326579545,0.9953921326579545,0.9953921326579545,0.9953921326579545,0.9953921326579545,0.9953921326579545,0.9953921326579545,0.9953921326579545,0.9953921326579545,0.9953921326579545
thread_connect,2,5,6,8,11,5,4,6,11,23,17,29,32,60,69,97,138,176,215,248,282,144,125,154,186,216,254,285,301,179,40,28
threads_running,1,1,1,1,4,1,1,2,1,4,3,12,19,56,63,93,131,171,208,244,277,131,116,147,181,210,248,280,298,158,18,8
lock_wait,142911,142911,142939,142962,142977,143005,143020,143058,143078,143109,143137,143186,144293,144309,144332,144336,144337,144347,144354,144359,144359,144505,144559,144565,144567,144570,144574,144581,144587,144764,145248,145376
bytes_received,1806251101,1806266429,1806458690,1806626687,1806760360,1806906690,1807040712,1807239777,1807387922,1807549663,1807690610,1808118619,1815314041,1815415261,1815551245,1815598367,1815647609,1815700371,1815752011,1815797413,1815842705,1816143707,1816416021,1816472696,1816518075,1816561336,1816618045,1816669856,1816708914,1816992878,1819690648,1820436261
questions,9559054,9559112,9560556,9561854,9562852,9563962,9564968,9566535,9567651,9568892,9570057,9573373,9630215,9631002,9632099,9632522,9632963,9633414,9633918,9634338,9634707,9637067,9639311,9639755,9640162,9640570,9641064,9641546,9641878,9644046,9665539,9671281
queries,9810073,9810134,9811580,9812884,9813883,9814996,9816007,9817575,9818694,9819938,9821106,9824431,9881420,9882210,9883312,9883738,9884180,9884634,9885141,9885563,9885938,9888298,9890548,9890998,9891408,9891817,9892314,9892799,9893134,9895305,9916852,9922610
abort,3752,3752,3752,3752,3752,3752,3752,3752,3752,3752,3752,3752,3752,3752,3752,3752,3752,3752,3752,3752,3752,3752,3752,3752,3752,3752,3752,3752,3761,3776,3776,3776
mysql_global_status_threads_cached,10,7,6,4,1,8,9,7,2,1,3,1,6,0,2,0,0,0,0,0,0,11,5,0,0,0,0,0,0,7,0,1
select_full_range_join,0,0,0,0,0,0,0,0,0,0,0,0,0,0,0,0,0,0,0,0,0,0,0,0,0,0,0,0,0,0,0,0
select_full_join,0,0,0,0,0,0,0,0,0,0,0,0,0,0,0,0,0,0,0,0,0,0,0,0,0,0,0,0,0,0,0,0
Thread Cache Size,11,11,11,11,11,11,11,11,11,11,11,11,11,11,11,11,11,11,11,11,11,11,11,11,11,11,11,11,11,11,11,11
Threads Cached,10,7,6,4,1,8,9,7,2,1,3,1,6,0,2,0,0,0,0,0,0,11,5,0,0,0,0,0,0,7,0,1
Created Tmp Tables,11052526,11052659,11052792,11052928,11053064,11053192,11053325,11053455,11053592,11053728,11053860,11054261,11060811,11060938,11061077,11061210,11061344,11061482,11061619,11061749,11061885,11062022,11062290,11062429,11062555,11062686,11062827,11062962,11063096,11063223,11065632,11066305
Free Memory,1031832,1031832,1031832,1031832,1031832,1031832,1031832,1031832,1031832,1031832,1031832,1031832,1031832,1031832,1031832,1031832,1031832,1031832,1031832,1031832,1031832,1031832,1031832,1031832,1031832,1031832,1031832,1031832,1031832,1031832,1031832,1031832
open_files,55,55,55,55,55,55,55,55,55,57,57,59,70,71,71,71,71,71,70,70,70,71,72,72,72,72,71,71,71,77,77,77
innodb_num_open_files,28,28,28,28,28,28,28,28,28,28,28,28,28,28,28,28,28,28,28,28,28,28,28,28,28,28,28,28,28,28,28,28
Query Cache Size,1048576,1048576,1048576,1048576,1048576,1048576,1048576,1048576,1048576,1048576,1048576,1048576,1048576,1048576,1048576,1048576,1048576,1048576,1048576,1048576,1048576,1048576,1048576,1048576,1048576,1048576,1048576,1048576,1048576,1048576,1048576,1048576
table_open_cache,2000,2000,2000,2000,2000,2000,2000,2000,2000,2000,2000,2000,2000,2000,2000,2000,2000,2000,2000,2000,2000,2000,2000,2000,2000,2000,2000,2000,2000,2000,2000,2000
process state after create,0,0,0,0,0,0,0,0,0,0,0,0,0,0,0,0,0,0,0,0,0,0,0,0,0,0,0,0,0,0,0,0
process state altering table,0,0,0,0,0,0,0,0,0,0,0,0,0,0,0,0,0,0,0,0,0,0,0,0,0,0,0,0,0,0,0,0
process state analyzing,0,0,0,0,0,0,0,0,0,0,0,0,0,0,0,0,0,0,0,0,0,0,0,0,0,0,0,0,0,0,0,0
process state checking permissions,0,0,0,0,0,0,0,0,0,0,0,0,0,0,0,0,0,0,0,0,0,0,0,0,0,0,0,0,0,0,0,0
process state checking table,0,0,0,0,0,0,0,0,0,0,0,0,0,0,0,0,0,0,0,0,0,0,0,0,0,0,0,0,0,0,0,0
process state cleaning up,0,0,0,0,0,0,0,0,0,0,0,0,0,0,0,0,0,0,0,0,0,0,0,0,0,0,0,0,0,0,0,0
process state closing tables,0,0,0,0,0,0,0,0,0,0,0,0,0,0,0,0,0,0,0,0,0,0,0,0,0,0,0,0,0,0,0,0
process state converting heap to myisam,0,0,0,0,0,0,0,0,0,0,0,0,0,0,0,0,0,0,0,0,0,0,0,0,0,0,0,0,0,0,0,0
process state copying to tmp table,0,0,0,0,0,0,0,0,0,0,0,0,0,0,0,0,0,0,0,0,0,0,0,0,0,0,0,0,0,0,0,0
process state creating sort index,0,0,0,0,0,0,0,0,0,0,0,0,0,0,0,0,0,0,0,0,0,0,0,0,0,0,0,0,0,0,0,0
process state creating table,0,0,0,0,0,0,0,0,0,0,0,0,0,0,0,0,0,0,0,0,0,0,0,0,0,0,0,0,0,0,0,0
process state creating tmp table,0,0,0,0,0,0,0,0,0,0,0,0,0,0,0,0,0,0,0,0,0,0,0,0,0,0,0,0,0,0,0,0
process state deleting,0,0,0,0,0,0,0,0,0,0,0,0,0,0,0,0,0,0,0,0,0,0,0,0,0,0,0,0,0,0,0,0
process state end,0,0,0,0,0,0,0,0,0,0,0,0,0,0,0,0,0,0,0,0,0,0,0,0,0,0,0,0,0,0,0,0
process state executing,0,0,0,0,0,0,0,0,0,0,0,0,0,0,0,0,0,0,0,0,0,0,0,0,0,0,0,0,0,0,0,0
process state execution of init_command,0,0,0,0,0,0,0,0,0,0,0,0,0,0,0,0,0,0,0,0,0,0,0,0,0,0,0,0,0,0,0,0
process state flushing tables,0,0,0,0,0,0,0,0,0,0,0,0,0,0,0,0,0,0,0,0,0,0,0,0,0,0,0,0,0,0,0,0
process state freeing items,0,0,0,0,0,0,0,0,0,0,0,0,0,0,0,0,0,0,0,0,0,0,0,0,0,0,0,0,0,0,0,0
process state fulltext initialization,0,0,0,0,0,0,0,0,0,0,0,0,0,0,0,0,0,0,0,0,0,0,0,0,0,0,0,0,0,0,0,0
process state idle,1,4,5,5,7,4,4,5,9,17,14,17,12,27,6,4,5,5,9,4,4,14,8,6,5,6,5,5,3,19,22,20
process state init,0,0,0,0,0,0,0,0,0,0,0,0,0,0,0,0,0,0,0,0,0,0,0,0,0,0,0,0,0,0,0,0
process state killed,0,0,0,0,0,0,0,0,0,0,0,0,0,0,0,0,0,0,0,0,0,0,0,0,0,0,0,0,0,0,0,0
process state logging slow query,0,0,0,0,0,0,0,0,0,0,0,0,0,0,0,0,0,0,0,0,0,0,0,0,0,0,0,0,0,0,0,0
process state login,0,0,0,0,0,0,0,0,0,0,0,0,0,0,0,0,0,0,0,0,0,0,0,0,0,0,0,0,0,0,0,0
process state manage keys,0,0,0,0,0,0,0,0,0,0,0,0,0,0,0,0,0,0,0,0,0,0,0,0,0,0,0,0,0,0,0,0
process state opening tables,0,0,0,0,0,0,0,0,0,0,0,0,0,0,0,0,0,0,0,0,0,0,0,0,0,0,0,0,0,0,0,0
process state optimizing,0,0,0,0,0,0,0,0,0,0,0,0,0,0,0,0,0,0,0,0,0,0,0,0,0,0,0,0,0,0,0,0
process state other,0,0,0,0,0,0,0,0,1,1,0,0,0,0,0,0,0,1,0,0,0,1,0,0,1,0,1,0,0,2,0,0
process state preparing,0,0,0,0,0,0,0,0,0,0,0,0,0,0,0,0,0,0,0,0,0,0,0,0,0,0,0,0,0,0,0,0
process state reading from net,0,0,0,0,0,0,0,0,0,0,0,0,0,0,0,0,0,0,0,0,0,0,0,0,0,0,0,0,0,0,0,0
process state removing duplicates,0,0,0,0,0,0,0,0,0,0,0,0,0,0,0,0,0,0,0,0,0,0,0,0,0,0,0,0,0,0,0,0
process state removing tmp table,0,0,0,0,0,0,0,0,0,0,0,0,0,0,0,0,0,0,0,0,0,0,0,0,0,0,0,0,0,0,0,0
process state reopen tables,0,0,0,0,0,0,0,0,0,0,0,0,0,0,0,0,0,0,0,0,0,0,0,0,0,0,0,0,0,0,0,0
process state repair by sorting,0,0,0,0,0,0,0,0,0,0,0,0,0,0,0,0,0,0,0,0,0,0,0,0,0,0,0,0,0,0,0,0
process state repair done,0,0,0,0,0,0,0,0,0,0,0,0,0,0,0,0,0,0,0,0,0,0,0,0,0,0,0,0,0,0,0,0
process state repair with keycache,0,0,0,0,0,0,0,0,0,0,0,0,0,0,0,0,0,0,0,0,0,0,0,0,0,0,0,0,0,0,0,0
process state replication master,0,0,0,0,0,0,0,0,0,0,0,0,0,0,0,0,0,0,0,0,0,0,0,0,0,0,0,0,0,0,0,0
process state rolling back,0,0,0,0,0,0,0,0,0,0,0,0,0,0,0,0,0,0,0,0,0,0,0,0,0,0,0,0,0,0,0,0
process state searching rows for update,0,0,0,0,0,0,0,0,0,0,0,0,1,12,13,13,13,12,12,12,12,12,7,2,0,0,0,0,0,0,0,0
process state sending data,0,0,0,0,0,0,0,0,0,0,0,0,0,0,0,0,0,0,0,0,0,0,0,0,0,0,0,0,0,0,0,0
process state sorting for group,0,0,0,0,0,0,0,0,0,0,0,0,0,0,0,0,0,0,0,0,0,0,0,0,0,0,0,0,0,0,0,0
process state sorting for order,0,0,0,0,0,0,0,0,0,0,0,0,0,0,0,0,0,0,0,0,0,0,0,0,0,0,0,0,0,0,0,0
process state sorting index,0,0,0,0,0,0,0,0,0,0,0,0,0,0,0,0,0,0,0,0,0,0,0,0,0,0,0,0,0,0,0,0
process state sorting result,0,0,0,0,0,0,0,0,0,0,0,0,0,0,0,0,0,0,0,0,0,0,0,0,0,0,0,0,0,0,0,0
process state statistics,0,0,0,0,0,0,0,0,0,0,0,0,0,0,0,0,0,0,0,0,0,0,0,0,0,0,0,0,0,0,0,0
process state updating,0,0,0,0,3,0,0,1,0,4,1,11,16,21,49,79,118,158,193,231,266,117,109,144,180,210,247,279,297,157,17,7
process state waiting for lock,0,1,0,0,0,0,0,0,0,0,0,0,0,0,0,0,0,0,0,0,1,1,0,0,0,0,0,0,0,0,0,0
process state waiting for table flush,0,0,0,0,0,0,0,0,0,0,0,0,0,0,0,0,0,0,0,0,0,0,0,0,0,0,0,0,0,0,0,0
process state waiting for tables,0,0,0,0,0,0,0,0,0,0,0,0,0,0,0,0,0,0,0,0,0,0,0,0,0,0,0,0,0,0,0,0
process state waiting on cond,0,0,0,0,0,0,0,0,0,0,0,0,0,0,0,0,0,0,0,0,0,0,0,0,0,0,0,0,0,0,0,0
process state writing to net,0,0,0,0,0,0,0,0,0,0,0,0,0,0,0,0,0,0,0,0,0,0,0,0,0,0,0,0,0,0,0,0
qcache_queries_in_cache,0,0,0,0,0,0,0,0,0,0,0,0,0,0,0,0,0,0,0,0,0,0,0,0,0,0,0,0,0,0,0,0
disk_io_now vda,0,0,0,0,0,0,0,0,0,0,0,0,0,0,0,0,0,0,0,0,0,0,0,0,0,0,0,0,0,0,0,0,0,0,0,0,0,0,0,0,0,0,0,0,0,0,0,0,0,0,0,0,0,0,0,0,0,0,0,0,0,0,0,0,0,0,0,0,0,0,0,0,0,0,0,0,0,0,0,0,0,0,0,0,0
mem_buffer,0,0,0,0,0,0,0,0,0,0,0,0,0,0,0,0,0,0,0,0,0,0,0,0,0,0,0,0,0,0,0,0,0,0,0,0,0,0,0,0,0,0,0,0,0,0,0,0,0,0,0,0,0,0,0,0,0,0,0,0,0,0,0,0,0,0,0,0,0,0,0,0,0,0,0,0,0,0,0,0,0,0,0,0,0
mem_cached,5445857280,5446041600,5446529024,5447004160,5445242880,5445566464,5445885952,5446254592,5446520832,5446860800,5447159808,5447475200,5447790592,5448118272,5449244672,5449531392,5449793536,5450117120,5450395648,5450891264,5451206656,5451792384,5452767232,5453312000,5453893632,5454438400,5431758848,5432369152,5432950784,5433225216,5433520128,5434269696,5434437632,5435031552,5435342848,5435801600,5436080128,5436329984,5437513728,5437829120,5438345216,5438603264,5438959616,5439533056,5440102400,5441536000,5443739648,5445722112,5445017600,5439635456,5439791104,5439967232,5440765952,5441183744,5442674688,5445148672,5446877184,5441605632,5441765376,5436686336,5436796928,5437616128,5437870080,5417062400,5417676800,5417979904,5418229760,5418455040,5418958848,5420429312,5420666880,5421285376,5421858816,5422120960,5422604288,5423280128,5423779840,5424144384,5425131520,5425397760,5425672192,5426212864,5426495488,5426823168,5427126272
Read bytes vda,848562014720,848562056192,848562072576,848562138112,848562220032,848562236416,848562236416,848562269184,848562285568,848562351104,848562351104,848562383872,848562433024,848562465792,848562531328,848562564096,848562580480,848562629632,848562695168,848562711552,848562711552,848562760704,848563022848,848563072000,848563113984,848563195904,848563195904,848563261440,848563343360,848563392512,848563441664,848563638272,848563638272,848563671040,848563687424,848563703808,848563703808,848563720192,848563900416,848563916800,848563965952,848563965952,848564064256,848564113408,848564195328,848564211712,848564211712,848564228096,848564228096,848564244480,848564277248,848564277248,848564359168,848564359168,848564375552,848564457472,848564457472,848564473856,848564473856,848564490240,848564490240,848564572160,848564572160,848564670464,848564736000,848564736000,848564752384,848564768768,848564768768,848564998144,848564998144,848565096448,848565145600,848565145600,848565145600,848565293056,848565325824,848565407744,848565637120,848565669888,848565669888,848565948416,848566013952,848566079488,848566145024
